S.N,Ward No.,Case No.,Brief Description of the grievance,Date of Grievance,Department,Status
1,Ward 14,34202,"का.म.पा वडा न १४ कलंकी  स्थित Ed-Mart Collage मा scholarship बाट अध्यनरत विधार्थीहरुलाई बिजुलीको शुल्क ,आदि शिरसक  भन्दै शुल्क मागेको अनुगमन गरि समस्याको समाधान गर्दिनु होला |",05/16/2025,शिक्षा विभाग,open
3,NoWard,34157,"श्री प्रमुखज्यू
काठमाडौँ महानगरपालिका
शाखा: शिक्षा शाखा
काठमाडौँ, नेपाल

विषय: स्कोलरशिप प्राप्त विद्यार्थीहरूबाट शुल्क असुली गरिएको सम्बन्धमा

महोदय,

सविनय निवेदन यो छ कि म एक अभिभावकको हैसियतले तपाईं समक्ष यो निवेदन पेश गर्न चाहन्छु। हालसालै काठमाडौँ स्थित नेपाल मेघा कलेजले स्कोलरशिप (छात्रवृत्ति) प्राप्त विद्यार्थीहरूबाट पनि विभिन्न शीर्षकमा अनावश्यक शुल्क असुली गर्दै आएको जानकारी प्राप्त भएको छ।

स्कोलरशिप पाएका विद्यार्थीहरू आर्थिक रूपमा पिछडिएको वर्गका प्रतिनिधि हुन् र नेपाल सरकार वा सम्बन्धित निकायको नीति अनुसार उनीहरूलाई शिक्षामा सहुलियत तथा शुल्कमा छुट प्रदान गरिनु पर्ने हो। तर यस्ता विद्यार्थीहरूबाट पुनः शुल्क लिनु शिक्षा सम्बन्धी मापदण्ड तथा न्यायिक भावना विपरित रहेको छ।

यसैले, तपाईंको आदरणीय कार्यालय समक्ष हार्दिक अनुरोध छ कि सो विषयमा आवश्यक अनुसन्धान गरि दोषी कलेज प्रशासनविरुद्ध उचित कारबाही गरियोस तथा स्कोलरशिप प्राप्त विद्यार्थीहरूको शुल्क फिर्ता गराउन आवश्यक पहल गरियोस।

तपाईंको सकारात्मक पहलको अपेक्षासहित।

बिनम्र निवेदक,
रोशन भट्ट 
९८६९९१३०९६
शंखमुल, काठमाण्डु 
२०८२/०१/२५ गते
",05/10/2025,शिक्षा विभाग,open
4,NoWard,34154,"Namaste Sir 🙏🙏
Sir, Mero Naam Prabhat Sah ho!!
Sir, Kathmandu Mahanagar 
scholarship paayekoo chu. Thank you sir!!
Sir, yo scholarship paayekoo le college ma fee tirnuu parchhaa???bibhinna sirsakhma fee mageko,
Sir parchhaa ki pardain vanea wisayea maa suchnaa prasaarn gardinuu aathwaa kunai prakaar ko chithi jaari garii dinuu vane aanurooodh chhaa sir!!!🙏🙏🙏",05/09/2025,शिक्षा विभाग,open
5,Ward 10,34145,का.म.पा.१० नं. वडा  नयाँबनेश्वर थापा गाउँमा रहेको काठमाण्डौ स्कुल अफ मेडिकल टेक्नोलोजि  कलेजले  बिद्यार्थीले कलेजमा जानकारि  गराएर बिदा बस्ता पनि जानकारि नभएको भन्दै गयल भएको दिनको रु १०० रुपैयाँले जरिमाना  लिने गारेको छ भनि गुनासो आएको । ,05/07/2025,शिक्षा विभाग,open
6,Ward 7,34126,"तपाई छात्रबृती को कुरा गर्नुहुन्छ , तर स्कुलहरु ले दिदैनन , गत बर्श मेरो छोरा छोरी ले नि पाए माहनगर को कोटा को छात्रबृती तर स्कुल ले कम्प्युटर फी बापत रु३००० प्रती महिना तिर्नु पर्यो 5500 Fee भएको स्कुल मा 3000 Computer fee लिन कत्ती को सुहाउने हो ? , तपाईं को माहनगर को शिक्षा बिभाग मा मौखिक उजुरी नि गरे तर उल्टै गाली खानु पर्‍यो, यदी आवश्यक परे मा मा सप्रमाण पेस गर्न तयार जो  छु । नोट  : यो समस्या सिफल  स्थित Texas international school स्थित को हो । ",05/01/2025,शिक्षा विभाग,open
8,NoWard,34088,Kathmandu Model College Bagbazar has said to pay 10000 every year for the kathmandu Metropolitan city selected students Please solve this problem ,04/29/2025,शिक्षा विभाग,open
9,Ward 21,34067,The Ashpodel Public School is running hostel but the problem faced by student is that around 30 students are in single room which is illigal and unhygienic. The food provided by school is also thirdclass but the take huge amount of hostel fee from them also the force student to take tuitions menditory paying 500 per period also the force to study 4 subject and the quality of education they provide is too poor. The school have non qualified teachers who just have passed 12th standerd... I know my complain is useless because our education system is not working on it. I please to Goverment once Crosss Check the school and also notice the Qualification of the teacher they meet or not.,04/25/2025,"शिक्षा विभाग,खाद्य गुणस्तर अनुगमन ",open
10,Ward 14,34048,पुरानो नैकाप हिमसिखर इस्कुलले  विधार्थीहरु लाई जबरजस्ती आफै ले चलायको  stationary  बाट किन्न लगाउने अन्त बाट ल्याउदा होमेवोर्क चेक नगर्दिने अस्वोभाबिक मूल्य असुल गर्ने गरेर बिद्यार्थीहरु लाई तनाब दिने गरको छन् नियन्त्रण गरि कारबाही गर्दिनु|,04/22/2025,शिक्षा विभाग,open
12,NoWard,33016,"Mero bachha Pinnacle academy kalanki ma UKG bata pass vaye class 1 ma janu parne , aja baisakh 2 gate admission Garda admission linna bacha dherai chak chake cha hamle bachha lai admission Lida class KO disciple bringcha vannu vayo. Bachha Ali chakchake cha Samaya Mai admission linu hunna vannu vayeko vaye Pani hami arko thaum ma herthuyaum. Esma ek tal koi samandhid bekti haru le heridinu paryo",04/16/2025,शिक्षा विभाग,open
14,NoWard,32938,"मैले महानगरको कक्षा ११ को फुल छात्रवृत्तिमा नाम निकालेर मोर्गन इन्टरनेसनल स्कुल बसुन्धरामा भर्ना भयेर पढ्न थालेकी अहिले विभिन्न शुल्क (कम्प्युटर शुल्क ) को बाहाना परी रु 30,000  
 लिएको के यो तिर्नुपर्ने नै हो । 
",04/04/2025,शिक्षा विभाग,open
15,Ward 3,32924,"श्रीमान मेयरज्यू, काठमाडौं महानगरपालिका, काठमाडौं ।

विषय: विद्यालय प्रशासनको गैरजिम्मेवारीपूर्ण व्यवहार सम्बन्धमा गुनासो ।

श्रीमान्,

म गुहेश्वरी बोर्डिङ्ग हाई स्कूल, काठमाडौं महानगरपालिका-३, बाँसबारी पिपलबोटमा करिब चार वर्षसम्म +2 कोअर्डिनेटरको रूपमा कार्यरत थिएँ। मैले २०८१ चैत्र २५ गते विद्यालयका निर्देशक र प्रिन्सिपललाई राजीनामा पत्र बुझाएको थिएँ। मेरो राजीनामा पत्रमा चैत्र महिनाभरि बिहान ६ बजे देखि ११ बजे सम्म काम गर्ने तर २०८२ बैशाखदेखि निरन्तरता दिन नसक्ने कुरा स्पष्ट उल्लेख गरिएको थियो।

विद्यालय प्रशासनले मेरो राजीनामा पत्र ग्रहण गरे तापनि अचानक २०८१ चैत्र १ गते मलाई दिउँसो ३ बजेसम्म काम गर्न निर्देशन दिइयो। मेरो मुख्य जिम्मेवारी कलेजका कक्षाहरूको व्यवस्थापन गर्नु हो तर ममाथि विद्यालयका अन्य कार्यहरू पनि जबर्जस्ती थोपर्न खोजियो। यस कारणले मैले २०८१ चैत्र ३ गते विद्यालयका सबै प्रशासकहरू सम्मिलित आधिकारिक भाइबर समूहमा सन्देश पठाएर आफ्नो पद परित्याग गरें र नयाँ पेशागत यात्रा सुरू गरें।

तर आज २०८१ चैत्र १५ गते भइसक्दा पनि विद्यालयका सम्पूर्ण कर्मचारीहरूलाई तलब वितरण भइसकेको छ तर मेरो तलब रोकिएको छ। विद्यालय प्रशासनले मेरो तलब दिन नमानिरहेको छ। यो समस्या म मात्र भोगिरहेको छैन, अन्य धेरै कर्मचारीहरू पनि विद्यालय निर्देशकको दुर्व्यवहारका कारण पीडित छन्। निर्देशक विद्यालयलाई आफ्नो निजी सम्पत्ति ठानेर, “यो मेरो सम्पत्ति हो, म जे गर्छु त्यही हुन्छ, तिमीहरू बोल्ने को हौ?” भन्दै दुर्व्यवहार गर्ने गर्छन्।

विद्यालयमा विद्यार्थीहरूलाई शारीरिक यातना दिने, जबरजस्ती होस्टलमा राख्न बाध्य पार्ने, होस्टलका विद्यार्थीहरूलाई अस्वस्थकर खाना खुवाउनेजस्ता अमानवीय कार्यहरू भइरहेका छन्। उहाँले महानगरपालिकाको शिक्षा विभागको समेत कुनै प्रवाह नगर्ने र “महानगरका अधिकारीहरू केही गर्न सक्दैनन्” भन्ने अभिव्यक्ति दिने गरेको पाइन्छ।

श्रीमान मेयरज्यू, यस विषयमा तुरुन्त आवश्यक छानबिन गरी सम्बन्धित निकायमार्फत उचित कारबाही गर्न अनुरोध गर्दछु। पीडित शिक्षक तथा विद्यार्थीहरूको हितमा आवश्यक कदम चाल्न अनुरोध गर्दै पत्र पेश गरेको छु।

धन्यवाद!

विनम्र, एक पूर्वकर्मचारी, गुहेश्वरी बोर्डिङ्ग हाई स्कूल।",04/02/2025,शिक्षा विभाग,open
16,Ward 3,32881,kaam garayera talab nadi ultai kam bigaris bhanera aarop lagayo bansbari KMC-3 ko guheshwari boarding high schook le,03/27/2025,शिक्षा विभाग,open
18,Ward 25,32812,"काठमाडौं महानगरपालिका वडा नं २५ मा हाल संचालित श्री कृष्ण मन्दिर आधारभूत विद्यालय केही दशक अगाडि स्थानीय जनताका छोरा छोरीहरुले घर नजिक प्राथमिक शिक्षा पढ्न पावस् भन्ने हेतुले  कृष्ण मन्दिर भजन घरमा स्थापना गरिएको थियो । केही समय अगाडि सो स्कूल उक्त भजन घरबाट हटाइए पछि केही समयको लागि भनी स्थानीय भगवती बारीको गुठीको जग्गामा टहरा बनाइ अस्थायी तवरमा चलाउन दिइएको थियो । हाल आएर उक्त स्कूलले त्यस गुठीको जग्गामा दुई तल्लाको स्थायी संरचना बनाउन लागेको बुझिएकोले सो कार्य नियम विपरित भएकोले मान्य नभएको व्यहोरा अवगत गराउन चाहन्छु । तसर्थ उक्त स्कूलले गर्न लागेको सो निर्माण कार्य रोक्न लगाउनको लागि अनुरोध गर्दछु ।
साथै घना आवासीय क्षेत्रको बिचमा हाल अस्थायी तवरमा चलाउन दिइएको उक्त स्कूलले गर्दा भइरहेको तिब्र ध्वनि प्रदुषणको कारणले वरिपरि बस्ने स्थानीय वासिन्दाको दैनिकी कष्टकर भइरहेको, उक्त स्कूलमा कुनै पनि स्थानीय वासिन्दाको छोरा छोरीहरु नपढ्ने भएको र उक्त स्कूलको १00 मिटरको दुरीमा अन्य दुइवटा स्कूलहरु, कन्या मन्दिर माध्यमिक विद्यालय तथा रक्तकाली माध्यमिक विद्यालय, संचालनमा रहेको परिप्रेक्षमा उक्त श्री कृष्ण मन्दिर आधारभूत विद्यालयको आवश्यकता नरहेको टड्कारो देखिएको, यी कारणहरुले गर्दा सो स्कूलमा भइरहेको सरकारी खर्चलाई अरु आवश्यक स्कूलहरुमा प्रयोग गरी उक्त श्री कृष्ण मन्दिर आधारभूत विद्यालयलाई खारेज गर्ने तर्फ कारवाही चलाउन पनि अनुरोध गर्दछु ।",03/21/2025,शिक्षा विभाग,open
19,Ward 11,32800,वडा नं. ११ त्रिपुरेश्वर स्थित विश्व निकेतन कलेजमा कक्षा १२ को विधार्थीसँग वैशाखमा हुने वोर्ड परिक्षा को लागि असाढ सम्मको शुल्क लिएको भनि विधार्थीबाट गुनासो आएको ।,03/19/2025,शिक्षा विभाग,open
20,Ward 11,32799,वडा नं. ११ त्रिपुरेश्वर स्थित विश्व निकेतन कलेजमा कक्षा १२ को विधार्थीसँग वैशाखमा हुने वोर्ड परिक्षा को लागि असाढ सम्मको शुल्क लिएको भनि विधार्थीबाट गुनासो आएको ।,03/19/2025,शिक्षा विभाग,open
21,NoWard,32771,"बाल विकास सहजकर्ता भर्नामा अनियमितता भएको।
बाँसबारी मा वि मा १ जना बालविकास सहजकर्ता भर्ना गर्न खुलाइएको आवेदनमा १५ जना ले परीक्षा दिएपनि पूर्व निर्धारित मिना तिमलसिनालाई परीक्षामा पास भएको प्रति असन्तुष्टि सहित पुनः परीक्षणको लागि निवेदन पेश गर्दछ। विद्यालय प्रशासन बाट निजको हुने पक्का खबर थियो तर पनि महानगरको परीक्षा प्रणालीमा आशा थियो तर यस प्रकारको परीक्षाले फेरि पुरानो शैली आएको जस्तो भएको छ।",03/16/2025,"शिक्षा विभाग,प्रशासन विभाग",open
22,Ward 10,32721,"I heard KMC had made it mandatory for schools to not have D.I. (Disciplinary Incharge), but in the case of Global School Of Science, Baneshwor. There are a total of 3 D.I.(s) who are disguised under the section “Sports and Transportation”. They behave with cruelty and show inhumane behavior towards the students. I request KMC to please kindly look forward into this matter as I have suffered mental trauma because of the D.I.(s). I hope KMC responds in this matter as fast as possible. Thank you KMC Team and Mayor Balen Shah for making the city clean and fun to live in. ",03/07/2025,शिक्षा विभाग,open
23,Ward 26,32685,कामपा २६ वडा सामाखुशीमा रहेको नानीबाबु पाठशाला भन्ने स्कुलले स्टेशनरी भनेर monthly extra charge लिइराखेको छ । अनुगमन गरी नियमन गर्नुपर्यो ।,03/03/2025,शिक्षा विभाग,open
24,Ward 9,32669,"निजी विद्यालय को मनमानी/दादागिरी- Paragon Public School Tilganga, Kathmandu.(बिद्यार्थी सँग महिना को सुरुमा नै पैसा असुल्ने तर शिक्षकहरु लाई ३/४ महिना कट्दा सम्म तलब नखुआउने) र विद्यालय छाडेर गएको १ महिना नाग्दा सम्म पैसा नपाएको .हुँदा मेरो २/५ महिना को तलब असुली गरीदिन अनुरोध गर्दछु।",02/28/2025,शिक्षा विभाग,open
25,NoWard,32638,"MMIST(shahid smarak janaswastha sahakari college ko) shiphal, kalo pool ma raheko college ko DI le student haru lai kapal na katera aayo ko bhanera 2081-11-11 gate 2 Jana student lai HAT PAT garnu ko sath sathai 1week ko lagi suspend gareko x. Yo bishayema principal sanga kura rakhda pani uha haru bata positive kura na aayeko taha student ko manobal giraune kariye bhaye ko ra student le sir ma saloon ma gayera katera aauxu bhanda ni college ko DI le dada sahili ma Jana na deko aafaile samatera student ko kapal katna khojeko na manda HATPAT gareko parati mahanagar ko dhiyan akarshan garauxu. Yesma mahanagar paliko ko team le hami student ko tarfa bata hamro gopniyet rakhera boldina Huna anurodh x.",02/24/2025,शिक्षा विभाग,open
26,Ward 31,32623,"Respected sir, madam 
Iam the student who is currently studying in class 12 at New summit collage shantinagar kathmandu. Iam the scholarship holder from science stream which is provided by the metropolitan city As i listen and looking different notices by Metropolitan city if we are the scholarship holder from metropolitan city we have not to pay any money to the college but New summit collage (where iam currently studying by schlorship) is asked me money by telling as a exam fee Rs.12000 per year but i have already pay the money for the board exam fee …. so iam requested to take action on it . Because of this moment i have having mental health problem which disturb my study also . i hope you will respond my problems as soon as possible. 
thank you",02/21/2025,शिक्षा विभाग,open
27,NoWard,17672,"Pentagon international Higher secondary School, Tinkune, Kathmandu ले +2 level को शिक्षक लागी भाद्र महिना पछी पारिश्रमिक दिएको छैन , कृप्या तलब दिलाउन स्कुल लाई सम्पर्क गरी
सहयोग गरी दिनुहोला !
धन्यवाद !

पीडित शिक्षक ",02/14/2025,शिक्षा विभाग,open
28,Ward 31,15135,वडा नं. ३१ भि एस निकेतन स्कुल नजिकै कौटिल्य ग्लोबल स्कुलले ३ जना महिला शिक्षकलाई १ महिना‍को पारिश्रमिक नदिएको भनि गुनासो आएको ।,01/30/2025,शिक्षा विभाग,open
29,Ward 28,15103,"Kathmandu Model College(Kmc +2) baghbazar has asked all the Mahanagar Scholarship granted students to deposit Rs.20,000 or else they are saying they won't let the students fill up the grade 12 NEB exam registration form. This is a very serious issue as it directly impacts future of those students who will not get to give grade 12 exams. So please please please look on this matter ASAP.",01/29/2025,शिक्षा विभाग,open
30,Ward 10,14987,रत्न राज्य स्कुलले मंसिरदेखिको तलब खुवाएको छैन । हामीलाई दैनिक गुजारा गर्न साह्रै कठिन भयो भन्दै शिक्षकहरुले गुनासो राख्नुभएको ।,01/16/2025,शिक्षा विभाग,open
31,Ward 10,12649,Naya baneshwor ko nobel college student sanga jata bahbi absent fee lageyako ,12/26/2024,शिक्षा विभाग,open
32,Ward 28,12627,वडा नं. २८ मा अवस्थित पद्मोदय मा वि फनपार्कको नजिकै रहेको स्कलमा आज परिक्षा शुल्क भनेर ४-५ सय रुपैँया पैसा मागेको भनि गुनासो आएको हुंँदा तुरुन्त  नियमन गर्नु भनि गुनासोआएको। ,12/23/2024,शिक्षा विभाग,open
33,Ward 1,12596,वडा नं. १ कमलपोखरीमा कमल आधारभुत विधालयले परिक्षा शुल्क भनेर पैसा मागेको र अन्य भर्ना शुल्क भनेर पैसा माग्ने अनि शुल्क वुझाएपछि रसिद नदिएको साथै विगत श्रावण महिनादेखी खाजा समेत नखुवाएको भनि गुनासो आएको ।,12/19/2024,शिक्षा विभाग,open
34,Ward 26,12591,"I'm a student of nepal police school samakhusi. I read in class 7 our school have indirectly stole our money we can say because they took our money for eca and there is no games,dance,music e•t•c they are doing sports week in the 16th of push and the games that the students are interested they haven't gave us like basketball,badminton, chess,relay etc and if we complain about that they target us and beat us you can also see the news of kundan thapa and others and the teachers are also not friendly with us and I would like to request you to visit our school and ask the students and give the suggestion to ur teacher principal and there are very discrimination between low post parents kids and high post parents kids and I also request you to give my identity so I don't get hamper my studies 

Thank-you!",12/19/2024,शिक्षा विभाग,open
35,Ward 29,12438,"कामपा २९ वडा डिल्लीबजार चारखालमा रहेको CBM college अथवा College of Business Management ले हामी छविलाल देवकोटा लगायत ४ जनालाई विगत ४/५ महिनादेखि salary दिएको छैन । माग्दा कलेज प्रशासन, प्रिन्सिपल ले उल्टै धाक धम्कि देखाउनुभयो । कलेजले शिक्षा कार्यविधि विपरित Masters pass नभएका teacher हरु राखेको छ । विषयगत teacher हरु पनि न्युन संख्यामा छन् । Underground floor मा Parking राख्नु पर्नेमा कक्षा सञ्चालन गरिरहेको छ । हामीले यि सबै समस्या समेटेर का‍मपाको ground floor मा निवेदन पनि दिइसकेका छौं भन्ने गुनासो आएको छ ।",11/27/2024,शिक्षा विभाग,open
36,Ward 13,12389,कामपा १३ वडा कालिमाटी टंकेश्वरमा रहेको जुबिल्यान्ट स्कुलले  स्टेशनरी भनेर monthly extra charge लिइराखेको छ साथै  mobile app भनेर पनि मासिक शुल्क लिइराख्नु भएको छ भन्ने गुनासो आएको छ ।,11/22/2024,शिक्षा विभाग,open
38,Ward 16,11994,"१६ वडा नयाँ बजार मनास्लु बाेडिङ स्कुलले  १ कक्षा देखि १० कक्षा सम्मकाे विध्यार्थिलाइ स्कुलभित्रबाटै जवरजस्ति स्कुलकै कपि  दिन्छ आफैले किनेकाे कपि मान्दैन अनुगमन गर्नुपर्याे भन्ने गुनासाे आएकाे छ । 
",09/27/2024,शिक्षा विभाग,open
39,NoWard,11980,का म पा धुम्बाराहिमा रहेकाे इनसाइड भिजन कलेजमा साइन्स काे बिध्यार्थिकाे लागि  lab अनिवार्य हुन्छ तर धुम्बाराहिमा रहेकाे इनसाइड भिजन कलेजमा lab  काे व्यवस्था छैन  अनुगमन गर्नुपर्याे । ,09/26/2024,शिक्षा विभाग,open
40,NoWard,11960,प्राय सबै निजि तथा सामुदायिक स्कुलहरुमा पिउने पानिमा लापरबाहि छ र शाैचालय पनि सफा छैन यसकाे हनुगमन र कारबाही गर्नुपर्याे । ,09/25/2024,"कृषि तथा पशुपक्षी विभाग,शिक्षा विभाग",open
41,Ward 8,11952,८ वडा तिलगंगा खाेला पारी रहेकाे प्यारागन पव्लिक स्कुलले १ महिना स्कुल विदा गर्दा पनि खाना र यातायातकाे पैसा लियाे जवकि त्याे समयमा खाना पनि खाएकाे हुदैन यातायात पनि चढेकाे हुदैन अनुगमन गरी कडा कारबाहि गरिदिनुपर्याे । ,09/24/2024,शिक्षा विभाग,open
42,Ward 32,11936,"कामपाबाट छात्रवृति पाएका विधार्थीलाई बालकुमारीमा रहेको CCRC college ले Monthly Fee भनेर जम्मा रु ६०,०००।- मागेको छ । अनुगमन गरिदिनुपर्यो ।",09/22/2024,शिक्षा विभाग,open
43,Ward 28,11902,"नमस्कार महोदय,
म काठमाडौं महानगर बसी पद्मोदय माध्यमिक विद्यालयमा कक्षा 10 मा आधारित छु। हाम्रो विद्यालयमा बिहान 6 बजे देखि 10 बजे सम्म कोचिङ कक्षा सञ्चालन हुनछ ।हामीलाई महानगरवटै नै गराउन भनिएको छ भनेर भनिन्छ । 350 को दरले 4 ओटा कक्षा सञ्चालन गरिन्छ। यो सही हो कि महानगरले यो आदेश देको छ।
तपाईं को जवाफको लागि म पर्किन्छु ।
धन्यवाद !",09/19/2024,शिक्षा विभाग,open
44,NoWard,11890,सवै संस्थागत विद्यालयमा फरक फरक असमान  समयमा विदा हुदा एउटै घर वाट जाने वच्चाहरुमा पनि नकारात्मक विचार हुन थाल्यो कसैको विदा कसैको स्कुल खु्ला हुनु भएन,09/17/2024,शिक्षा विभाग,open
45,NoWard,11867,"My sister has just passed +2 and her clz is asking for Rs4500 for certificate is it right fee or are they charging unnecessary fee 
Hope to hear from you soon",09/14/2024,शिक्षा विभाग,open
46,Ward 10,11847,१० वडामा रहेकाे रत्नराज्यलक्ष्मि स्कुलमा इन्टरनल परीक्षामा ९/१० कक्षाकाे बिध्यार्थि  थाेरै मात्रामा पास भए कक्षामा शिक्षककले एउटा कुरा पढाउने परीक्षामा प्रश्नपत्र अर्काे निकाल्ने  पढाइमा लापरबाहि गरेकाे देखियाे तर बिध्यार्थिलाइ नै दाेष दिएर उम्किन खाेजेकाे र स्कुलकाे व्यवस्थापन पनि  राम्राे नभएकाेले तत्काल समाधान गरिदिनुहुनकाे लागि अनुराेध छ ।,09/12/2024,शिक्षा विभाग,open
47,NoWard,11846,"कालाेपुलमा रहेकाे  जेभियर इन्टरनेशनल कलेजले पहिले भर्ना गर्न लगायाे मेराे कामपाले लिएकाे स्कलरसिपमा  अरु कलेजमा नाम निस्कियाे पछि म जेभियर इन्टरनेशनल कजेलमा  भर्ना गरेकाे भर्ना फि ५००० रुपैया फिर्ता  दिनु भन्दा फिर्ता दिनु भएन  भन्ने गुनासाे आएकाे छ ।  
",09/12/2024,शिक्षा विभाग,closed
48,NoWard,11829,"KMC college ले छात्रवृति पाएको विधार्थीको १०,०००।- रुपैँया फिर्ता दिएन ।",09/11/2024,शिक्षा विभाग,closed
49,Ward 6,11740,बौद्धमा रहेको Children Army School ले सबै विद्यार्थीलाई अनिवार्य रुपमा कोचिङमा राख्नुपर्छ भनेर बाध्य बनाउँछ र कोचिङको शुल्क पनि लिन्छ । कोचिङको सट्टा हाम्रा छोराछोरीलाई घरैमा tuition पढाएर राख्न पाए हुन्थ्यो भन्ने गुनासो आएको छ ।,08/28/2024,शिक्षा विभाग,open
50,Ward 26,11697,"सामाखुशीमा रहेको तक्षशिला एकेडेमीले एक जना विद्यार्थीले कपाल नकाटेको भनी उक्त विद्यार्थीको कपाल काटेर, कुटेर, कैँचीले टाउकोमा घाउ पनि बनाइदिएको छ । स्कुलले गैरकानुनी रुपमा Discipline Incharge-DI पनि राखेको रहेछ भन्ने गुनासो आएको छ ।",08/21/2024,शिक्षा विभाग,open
51,NoWard,11584,"कामपाले विध्यार्थिलाइ निशुल्क छात्रबृत्ति स्कुललाइ सिफारिस गरेकाेमा प्राय विध्यार्थिले निशुल्क भर्ना गरेकाे KMC  र CCRC कलेजले  कामपा बाट आएका विध्यार्थिलाइ भेदभाव गर्ने , भर्ना गर्न राेक्ने कसरी हुन्छ विध्यार्थिलाइ पैसा लिइ मात्र भर्ना गर्न खाेजेकाे छ अनुगमन गर्नु पर्याे भन्ने गुनासाे आएकाे छ । ",07/29/2024,शिक्षा विभाग,open
52,Ward 16,11573,कामपा १६ माछापोखरीमा Kids Learning School मापदण्ड विपरित आवासीय क्षेत्रमा  रहेको तथा विद्यार्थीले होहल्ला गर्ने र कार्यक्रम गर्दा ध्वनी प्रदुषण भई बस्न साह्रै गाह्रो भयो भन्ने गुनासो आएको छ ।,07/26/2024,शिक्षा विभाग,open
53,Ward 32,11549,३२ वडा पेश्सिकाेलाकाे बेन्सि भिजन स्कुलले  त्यहि पढिरहेकाे विध्यार्थिसँग भर्ना शुल्क  लिइ  राखेकाे छ अनुगमन गर्नु पर्याे ।,07/21/2024,शिक्षा विभाग,open
54,Ward 27,11543,"कामपा २७ वडा दरवार हाइस्कुल तथा अन्य सरकारी स्कुलहरुमा Book Free Friday को नाममा विद्यार्थीहरुले मोवाइल ल्याएर च्याटिङ गर्ने, movie हेरेर बस्ने गर्छन् । शिक्षकहरुले विद्यार्थिलाई यस बारेमा केही निगरानी राखेको पाइएन । Book Free Friday  मा practically केही नयाँ कुरा सिकाउनु पर्ने ठाउँमा यस्ता कुराहरुले त झन्  विद्यार्थीको भविष्य माथि नै असर पर्ने भयो । भन्ने गुनासो आएको छ ।",07/19/2024,शिक्षा विभाग,open
55,Ward 27,11331,वडा २७ ग्वार्काेपाखा ठमेल मा रहेकाे एभरेष्ट सेकेण्डरी वाेडिङ स्कुल ले भर्ना फि धेरै लियाे साथै एडमिसन फि पनि मनलाग्दि लिएकाे छ अनुगमन गर्नुपर्याे भन्ने गुनासाे आएकाे छ । ,07/01/2024,शिक्षा विभाग,open
56,Ward 26,11318,"कामपा २६ वडा गल्कोपाखामा रहेको एभरेष्ट सेकेण्डरी बोर्डिङ्ग स्कुलले भर्ना शुल्क भनेर १८,००० र २०,००० लिई रहेको छ । अनुगमन गर्नुपर्यो भन्ने गुनासो आएको छ ।",06/29/2024,शिक्षा विभाग,open
57,Ward 14,11286, १४  वडा कलंकिमा रहेकाे ज्ञानाेदय स्कुलले पत्येक विध्यार्थिसँग महिनै पिच्छे डाेनेसन शुल्क र Exam Fee  भनेर पैसा लिने गरेकाे छ अनुगमन गर्नुपर्याे भन्ने गुनासाे आएकाे छ । ,06/25/2024,शिक्षा विभाग,open
58,NoWard,10283, कामपा भित्र यस शैक्षिकशत्र देखि कक्षा ११ मा साईन्सकाे विध्यार्थिलाइ भर्ना लिदा कलेज स्कुलमा ल्याबकाे क्षमता  हेरेर मात्र भर्ना लिनु पर्याे भन्ने गुनासाे आएकाे छ । ,06/22/2024,शिक्षा विभाग,closed
59,NoWard,9260,"SEE  काे Result  नआउँदै बुकिङ भनेर हिमालय ह्यइटहाउस  कलेज तिनकुने , इन्टन कलेज तिनकुने र अर्वना स्कुल पुतलिसडकले कक्षा ११ काे लागि भर्ना लिइरहेकाे छ अनुगमन गर्नुपर्याे भन्ने गुनासाे आएकाे छ । ",06/19/2024,शिक्षा विभाग,open
60,NoWard,9253, कामपा भित्रका प्राईभेट स्कुलहरुले  एकपटक भर्ना शुल्क र विभिन्न शिर्षकमा पैसा लिइसकेपछि अर्काे वर्ष पनि त्यहि पढेका विध्यार्थिलाइ  भर्ना शुल्क लिने गरेका छन् कामपाले अनुगमन गरेर त्यस्ता स्कुलहरुलाइ कारबाहि गर्नुपर्याे भन्ने गुनासाे आएकाे छ । ,06/18/2024,शिक्षा विभाग,open
61,NoWard,9245,कामपा भित्र अहिले धेरै अटिजम राेग लागेका विध्यार्थि बढेका छन् कामपाले सामुदाियक स्कुलहरुमा छुट्टै अटिजम राेग भएकाे विध्यार्थिलाइ पढ्ने पढाउने बातावरण मिलाउनु पर्ने देखिन्छ बिशेष त कामपाले एउटा छुट्टै अटिजम भएकाे विध्यार्थिलाइ  पढाउन स्कुल खाेल्नुपर्छ भन्ने गुनासाे आएकाे छ । ,06/17/2024,शिक्षा विभाग,open
62,NoWard,9244,गुहेश्वरी सिनामंगल आधारभुत सामुदाियक  विध्यालयमा शिक्षकहरु कहिले आउने कहिले नआउने आएपनि हाजिर गरेर बाहिर जाने सातपिरेडकाे कक्षामा २/३ पिरेड कक्षा कहिले नहुने यस्ताे लापरबाहि भएकाे छ कामपा कार्यालयले तुरुन्त अनुगमन गरी कारबाहि गरिनुपर्याे भन्ने गुनासाे आएकाे छ । ,06/17/2024,शिक्षा विभाग,open
63,Ward 1,9231,"विशालनगरमा रहेको मल्पी सिटी स्कुल (Malpi City School Junior Block) को बिल्डिंगको छानो टिनको रहेको छ, अहिलेको यस गर्मी मौसममा बच्चाहरुलाई त्यहाँ बसेर पढ्न गाह्रो भईरहेको छ, अभिभावकहरुले स्कुलमा गएर यस बारे कुरा गर्दा पनि केहि सुनुवाई भएन भन्ने गुनासो आएको छ। ",06/15/2024,शिक्षा विभाग,open
64,Ward 11,9221,"थापाथलीमा Clamphook भन्ने institute छ जहाँ २००० बढी विद्यार्थीहरुको शिक्षण भइराखेको छ | त्यहाँ  टोइलेट र पानिको केहि व्येवास्था छैन | झ्याल, भेन्टिलेशन पनि नभएको क्लासहरु छन् |  मापदण्ड बिपरित क्लास संचालन गरिएको छ, अनुगमन गरिदिनु पर्यो भन्ने गुनासो आएको छ |",06/14/2024,शिक्षा विभाग,open
65,Ward 5,9206,"नक्सालमा रहेको वृहस्पति विद्या सदन विद्यालयले २ कि.मि. भन्दा कम दुरीको बस भाडा रु ३५०० लिइरहेको छ, जब कि ५ कि.मि. भन्दा बढी दुरीको मात्र भाडा रु २५०० लिन मिल्छ, यो बस भाडामा भएको लापरबाहीको अनुगमन गर्दिन पर्यो भन्ने गुनासो आएको छ। ",06/12/2024,शिक्षा विभाग,open
66,Ward 13,9199,"परोपकार आदर्श माध्यमिक बिद्यालयको सिमाना भित्र सटरमा पसल राखेर व्यापार गरिराखेको छ, आएर अनुगमन गरिदिनु पर्यो भन्ने गुनासो आएको छ | ",06/12/2024,शिक्षा विभाग,open
67,Ward 29,9189,२८ वडा पद्माेदय स्कुलमा कक्षा ८ मा भर्ना भएकाे विध्यार्थि फेल भएर फेरि कक्षा आठमै भर्ना हुदाँ भर्ना फि लियाे भन्ने गुनासाे आएकाे छ ।,06/10/2024,शिक्षा विभाग,open
68,Ward 10,9149,नाेबल एकेडेमि स्कुलले वास्तविक विध्यार्थि संख्या लुकाएर कम छात्रवृति काेटाहरु निकाल्याे अनुगमनकाे लागि अनुराेध छ ।,06/08/2024,शिक्षा विभाग,open
69,Ward 32,9148,भियसनिकेतन स्कुलले त्यहि पढेका  विध्यार्थिहरुलाई वार्षिक शुल्क भनेर ठुलाे रकम लिइरहेकाे छ अनुगमन गर्नपर्याे भन्ने गुनासाे आएकाे छ । ,06/07/2024,शिक्षा विभाग,open
70,Ward 32,9139,"३२ वडा जडिबुटि नरेफाट न्यु टुलिस संस्थागत स्कुलले भर्ना फ्रि महङ्गाे लियाे स्कुलमा बालबालिकाकाे  खाजा खानकाे लागि ओत  लाग्ने ठाउँ छैन , लाइनमा बस्दा पनि आदि चाैरमा आदि क्लासमा लाइन बस्नुपर्ने , गेटमा गेटपालेकाे व्यवस्था पनि छैन  मापदण्ड विपरित स्कुल सञ्चालन गरेकाे छ तुरुन्त अनुगमन गर्नुपर्याे भन्ने गुनासाे आएकाे छ । ",06/06/2024,शिक्षा विभाग,open
71,Ward 9,9122,कामपा ९ वडा सिनामंगलमा रहेको एस स्कुलले त्यही पढिराखेका सबै विधार्थीसँग वार्षिक शुल्क भनेर ठूलो रकम लिने गर्दछ ।,06/04/2024,शिक्षा विभाग,open
72,Ward 9,9121,कामपा ९ वडा सिनामंगलमा रहेको एस स्कुलले त्यही पढिराखेका सबै विधार्थीसँग वार्षिक शुल्क भनेर ठूलो रकम लिने गर्दछ ।,06/04/2024,शिक्षा विभाग,open
73,Ward 3,9018,पानीपोखरी निर भएको भानुभक्त स्कुलमा भर्ना फी भनेर २ कक्षामा पढ्ने बिध्यार्थीलाइ १५००० लिएको छ भन्ने गुनासो आएको छ |,05/18/2024,शिक्षा विभाग,open
74,Ward 16,9012,१६ नं वडा चमति  AVM स्कुलले त्यहि पढकाे विध्यार्थि सँग भर्ना शुल्क लियाे  अनुगमन गरिदिनुपर्याे । ,05/16/2024,शिक्षा विभाग,open
75,Ward 14,9002,कलंकि चाेक निर रहेकाे पिनाकल स्कलस् एकेडेमि स्कुलले भर्ना शुल्क ११००० लियाे Monthly Fee 5000 छ अनुगमन गरिदिनुपर्याे । ,05/15/2024,शिक्षा विभाग,open
76,Ward 14,8989, १४ वडामा रहेकाे बल्खु वर्नहार्ड कलेजले स्कलरसिपमा पढेकाे विध्यार्थिलाइ १२००० रुपैया लियाे  तुरुन्त अनुगमन गरिनुपर्याे ।,05/13/2024,शिक्षा विभाग,open
77,Ward 28,8984,कामपा २८ पुतलीसडकमा रहेको काम्यक सेकेन्डरी स्कुलले वार्षिक शुल्क लिइरहेको छ भन्ने गुनासो आएको । अनुगमन गरिदिनुपर्याे ।,05/13/2024,शिक्षा विभाग,open
78,Ward 13,8978,कामपा १३ ताहाचलमा होलिभिजन स्कुलले वार्षिक शुल्क लिइरहेको छ । अनुगमन गरिदिनुपर्यो ।,05/13/2024,शिक्षा विभाग,open
79,Ward 10,8971,वडा नं १० अन्तर्गत नयाँबानेश्वर मा रहेकाे क्याम्ब्रिज स्कुलले वार्षिक शुल्क लियाे अनुगमन गरिदिनुपर्याे । ,05/12/2024,शिक्षा विभाग,open
80,Ward 17,8962,वार्ड १७ भुरुङखेलमा रहेको White Field Higher Secondary School ले त्येही पढेको LKG बाट UKG जादै गरेको विद्यार्थी संग भर्ना मुलक भनेर १७०००  लिएको छ |,05/11/2024,शिक्षा विभाग,open
81,NoWard,8931,महानगरको सपोर्टमा खरिबोटमा  Autism school चलिराखेको छ | त्यहाँ एडमिसन फी १५००० लिराखेको छ | यो बारेमा महानगर बेखबर छ कि थाहा पाएर पनि  एतिकै बसिराख्नु भएको हो  भनेर गुनासो आएको छ |,05/05/2024,शिक्षा विभाग,open
82,Ward 15,8925,छाउनीको सांकारी स्कूलले जथाभाबी Annual fee लिएर हैरान बनायो। ,05/04/2024,शिक्षा विभाग,closed
83,Ward 16,8914,कामपा 16 खरिबाेट अदितिय वाेडिङ स्कुलले भर्ना फि भनेर शुल्क लियाे अनुगमन गरिदिनुपर्याे । ,05/02/2024,शिक्षा विभाग,open
84,Ward 7,8907,सरस्वति एकेडेमि स्कुलले नियमित कक्षाामा नपढाएर २ घण्टा  extra class भनेर  लिइरहेकाे छ याे अति भयाे राेक्नुपर्याे । ,05/01/2024,शिक्षा विभाग,open
85,Ward 11,8890,"URO Kids थापाथलि LKG पढ्ने विद्यार्थिलाइ  स्टेशनरी र URO Kids भनेर ४९,००० लियाे । अनुगमन गरिदिनुपर्याे । ",04/29/2024,शिक्षा विभाग,open
86,Ward 15,8888,१५ नं वडा जगंतसुन्दर वानिकुटि स्कुलले Annual Fee  भनेर पैसा लियाे  अनुगमन गरिदिनुपर्याे । ,04/29/2024,शिक्षा विभाग,open
87,Ward 10,8870,"काठमाडौँ महानगरले भर्ना शुल्क लिन नमिल्ने भनि सूचना जारी गरेता पनि K.M.C School ले त्यहि पढिरहेको विद्यार्थीलाई भर्ना शुल्क लिइरहेको छ, अनुगमन गर्न पर्यो ।",04/27/2024,शिक्षा विभाग,open
88,Ward 7,8862,रिवेरा इन्टरनेशनल स्कुलले भर्ना शुल्क १७००० र Monthly  Fee  ४८०० रुपैया लियाे । अनुगमन गरिदिनुपर्याे । ,04/26/2024,शिक्षा विभाग,open
89,Ward 29,8861,"अक्सिडेन्टल पब्लिक स्कुल , अनामनगर मा रहेकाे  स्कुले भर्ना शुल्क रु १०,००० लियाे साथै  मथ्लि रु ५५०० पनि लियाे अनुगमन गरिदिनुपर्याे । ",04/26/2024,शिक्षा विभाग,open
90,Ward 14,8856,Pinacle Scolors Boarding School कल‍ंकीले आफ्ना विधार्थीलाइ आफ्नै स्कुलको कपी स्टेशनरी किन्न बाध्य गरायो ।,04/25/2024,शिक्षा विभाग,open
91,Ward 14,8853,कुलेश्वर आवास मावि ले दुइकक्षाकाे  annual Fee भनेर ७/८ हजार लियाे । भन्ने उजुरी आएकाे छ । ,04/25/2024,शिक्षा विभाग,open
92,Ward 32,8850,वार्ड ३२ ग्लोबल पब्लिक स्कुल पेप्सीकोलामा भर्ना सुल्क भनेर ठुलो रकम उसुलेको छ भन्ने गुनासो आएको छ |,04/25/2024,शिक्षा विभाग,open
93,Ward 29,8849,डिल्लिबजारमा रहेकाे CBM College ले  १३ दिन Absent  भएकाे पैसा १३०० लियाे यसकाे उचित अनुगमन गरिदिनुपर्याे । exam   काे ADMIT  CARD  दिएन ।,04/25/2024,शिक्षा विभाग,open
94,Ward 4,8848,कामपा अन्तर्गत रहेकाे काठमाडाैं मेरिडियन स्कुल कामपा ४ लाेहचाल चत्पलकारखाना नजिक रहेकाे छ स्कुलले विविध शुल्क राखेर चर्काे शुल्क अशुल्दै आएकाे छ अनुगमन गरिदिनुपर्याे ।,04/24/2024,शिक्षा विभाग,open
95,Ward 14,8845,"कामपा १४ नं वडा मा रहेकाे LRI स्कुल कलंकीले भर्ना शुल्क २३,२४०। लियाे  अनुगमन गरिदिनुपर्याे । ",04/24/2024,शिक्षा विभाग,open
96,Ward 16,8843,कामपा १६ बालाजु तरुन मा‍.वि. ले जनसहयोग भनेर रु. ३५००।- को रसिद दिन्छ । अनुगमन गरिदिनुपर्यो ।,04/24/2024,शिक्षा विभाग,open
97,Ward 27,8842,कामपा २७ पानीपाेखरीमा रहेकाे भानुभक्त स्कुलले भर्ना शुल्क लिन्छ । मासिक शुल्क पनि वृद्धि गरेको छ ।,04/24/2024,शिक्षा विभाग,open
98,Ward 10,8840,"Apex college पछाडी भएको Montessori Kinderworld मा मेन्टेनेन्स र स्टेसनरि फी भनेर लोवर केजीमा पढ्नेलाइ ४९००० लिएको छ तर रिसिप्तहरु पनि पछि पठाउछाै भनेर दिएको छैन | त्यो बाहेक खाजा र ट्रान्सपोर्ट भनेर पनि छुटै फी लिनुहुन्छ | महानगरको सूचना बिपरित भयो भन्ने गुनासो आएको छ, अनुसन्धान गरेर सामाधान गर्नु पर्यो |",04/24/2024,शिक्षा विभाग,open
99,Ward 10,8835,काठमाडाै प्रज्ञा  कुन्ज स्कुल ले Annual  Fee भनेर पैसा लिएकाे छ  अनुगमन गरिदिनुपर्याे । ,04/22/2024,शिक्षा विभाग,open
100,Ward 14,8830,१४ नं वडा मा रहेकाे Times Intrenational School ले  भर्ना शुल्क अघिल्लाे वर्ष पनि  लियाे अहिले पनि लियाे  अनुगमन गरिदिनुपर्याे । ,04/22/2024,शिक्षा विभाग,closed
101,Ward 32,8827,३२ नं वडा पेप्सिकाेला करियर स्कुलले त्यहि पढेका विध्यार्थिलाइ फेरि भर्ना शुल्क लिइ राखेकाे छ ।अनुगमन गरिदिनुपर्याे । ,04/22/2024,शिक्षा विभाग,open
102,Ward 29,8825,डिल्लिबजार भिजन स्कार स्कुलले भर्ना शुल्क उल्लेख नगरि नाम दर्ता जस्ताे अनेक शिर्षक राखेर भर्ना जस्तै शुल्क असुलेकाे छ तुरुन्त राेकिदिनुपर्याे    ,04/22/2024,शिक्षा विभाग,open
103,Ward 16,8821,"बालाजुको Holy Garden School ले कक्षा ९ को मासिक शुल्क रु.७८०० लिएर पनि कपि, पेन्सिल र  स्वीमिङ्गलाई भनि अतिरिक्त मासिक शुल्क रु.२६०० लिदै आइरहेको छ। अतिरिक्त मासिक शुल्क अनावश्यक भएको भनि पटक पटक स्कुलमा गुनासो राख्दा पनि स्कुलमा केहि परिवर्तन नभएको भन्ने गुनासो आएको छ। ",04/21/2024,शिक्षा विभाग,open
104,Ward 24,8820,२४ नं वडा इन्द्रचाेक एरियामा पसलहरुकाे फाेहाेरकाे पैसा प्राइभेट कम्पनिले उठाइरहेकाे  छ र घरकाे पैसा पनि छुट्टै  एउटै व्यक्तिलाइ तिर्नुपर्याे  दाेहाेराे कर भयाे । ,04/21/2024,शिक्षा विभाग,open
105,Ward 1,8818,१ नं वडा नक्साल राइ स्कुलले भर्ना शुल्क भनेर कक्षा ४ काे विध्यार्थिकाे चालिस हजार लियाे तुरुन्त अनुगमन गरिदिनुपर्याे । ,04/21/2024,शिक्षा विभाग,open
106,NoWard,8817,कान्तपुर स्कुलमा कक्षा ५ मा पढ्ने विध्यार्थि सँग भर्ना शुल्क ४०००० लियाे याे अति नै महङगाे भयाे याे स्कुल सामान्य हाे   महानगरपालिकाले भर्ना शुल्क फ्रि भने पनि प्रत्येक स्कुलले मनलाग्दि तरिकाले पैसा लिएकाे देखिएकाे छ  अनुगमन गर्न जरुरी छ छिटाे अनुगमन गरिदिनुपर्याे । ,04/21/2024,शिक्षा विभाग,open
107,Ward 29,8816,२९ नं वडा अन्तर्गत रहेकाे अक्सिडेन्टल पब्लिक स्कुलले २ वर्ष अगाडि बिध्यार्थिलाइ टहरामा नपढाएर विल्डिमा पढाउछाै भनेकाे थियाे अहिलेसम्म पनि टहरामा पढाएकाे छ केहि वर्ष अगाडि टहरा महानगरपालिकाले हटाएकाे थियाे   साथै भर्ना शुल्क पनि ज्यादै महङगाे छ मन्थ्लि प्रि पनि सारै महङगाे छ एकपटक अनुगमन गरिदिनुपर्याे । ,04/21/2024,शिक्षा विभाग,open
108,Ward 3,8812,"काठमाडौँ मन्टेश्वरी बासबारी स्कुलले ३ कक्षामा पढ्ने विद्यार्थीको सबै; स्टेशनरी, खेलकुद आदि जोडेर मासिक शुल्क रु.४२००० बनाएर भर्ना शुल्क पनि रु.४२००० को नै बिल पठाएको छ। अनुगमन गर्दिन पर्यो। ",04/20/2024,शिक्षा विभाग,open
109,NoWard,8797,"SEE पछि bridge course  संचालित हुने ईनस्टिच्युटमा मनलाग्दी फ़ीस उठाएको छ | बच्चालाई त्रायल क्लास १ २ दिनको दिनु मन पर्यो भने जोइन् हुन्छ भन्दा पनि मिल्दैन, पहिला पैसा जम्मा गर्नुस पैसा जम्मा न गरि क्लास बस्न पाहिदैन र पछि मन लागेन भने पैसा फिर्ता पनि हुदैन भन्नु भयो | एस्तो कुराको व्गयवसथा गर्न पाए राम्रो हुन्थ्यो भन्ने सुझाव आएको छ |",04/16/2024,शिक्षा विभाग,open
110,Ward 13,8774,बाफलमा रहेको ज्ञानोदय माध्यमिक विद्यालय एक सरकारी विद्यालय हो या होइन? सरकारी हो भने भर्ना शुल्क (Admission Fee) लाग्छ र? भर्ना शुल्क भनेर २२०० देखि २५०० तोकेको छ। यो विषयमा सम्बन्धित निकायको ध्यानाकर्षण गराउन चाहन्छु। ,04/12/2024,शिक्षा विभाग,open
111,Ward 14,8762,LRI स्कुल गेट निर रहेको Read and Return Stationary सङ्ग मिलेर किताब बेचिरहेको छ | अविभावकलाई बुक लिस्ट दिनुहोस भन्दा पसल रिफर गरेको छ सिधै त्यहाँबाट लिनुहोस् भन्छन | किताब किन्दा दिने छुट माग्दा पसलले स्कुलमा कमिसन दिनु पर्छ त्यसैले छुट दिन मिल्दैन भन्नु भयो | अनुगमन गरिदिनुहुन अनुरोध छ |,04/10/2024,शिक्षा विभाग,open
112,Ward 30,8746,"मैतीदेवी निर भएको Pheonix College of Management ले घोडे जात्राको दिन २६ गते बिदा नदिएर भोलि पल्ट २७ गते छुट्टि दिएको छ तर बिद्यालयको पठ्न पाठन भन्दा पनि राजनितिक पार्टी (दल ) को कार्यक्रमको लागि छुट्टि दिएकोछ, अनुगमन गरि आवस्यक कारवाहि गरिदिनु हुन अनुरोध छ |",04/09/2024,शिक्षा विभाग,open
113,Ward 3,8744,"वडा नं ३ बासबारी चादवाग स्कुल आफैले स्टेशनरी सामान, ड्रेस ,  आफ्नै स्कुलबाट खरिद गर्नु  भनेकाे छ महानगरपालिकाले तत्काल निकालेकाे सुचनामा चाहि स्कुलले बालबालिकालाइ चाहिने कुनै पनि  स्टेशनरी सामान, ड्रेस , स्कुलले बेच्न  पाउँदैन भनेकाे छ तुरुन्त अनुगमन गरी कारबाहि गरिदिनुपर्याे । ",04/09/2024,शिक्षा विभाग,open
114,Ward 10,8730,"बानेश्वरको संगम चोकमा अवस्थित काठमाडौं प्रज्ञा कुञ्ज स्कुल को fee structure अस्वभाविक रहेको; Nursery को 11500 थियो भने class 1 मा 17000 पुगेको छ, यो न्यायोचित हो कि होइन अनुगमन गर्न पर्यो। ",04/07/2024,शिक्षा विभाग,open
115,Ward 10,8553,का म पा वडा नं १० बानेश्वरमा रहेकाे नाेवेल एकेडेमिले पुर्ण रुपमा छात्रवृति पाएकाे विध्यार्थि सँग  परिक्षा शुल्क लियाे । ,03/10/2024,शिक्षा विभाग,open
116,Ward 14,8517,कालिमाटि  एन्भर्स इन्नाेभेटिभ स्कुल ले कक्षा १० काे क्यारेक्टर सटिफिकेट बनाउन खाेजेकाे ५००० भन्छ अरु सबै स्कुलमा ५०० देखि १५०० सम्म लिने रैछन् यस स्कुलकाे उचित अनुगमन  तथा छानविन गरी कारबाही गरिदिनुहुन अनुराेध छ ,03/04/2024,शिक्षा विभाग,open
117,Ward 14,8516,कालिमाटि  एन्भर्स इन्नाेभेटिभ स्कुल ले कक्षा १० काे क्यारेक्टर सटिफिकेट बनाउन खाेजेकाे ५००० भन्छ अरु सबै स्कुलमा ५०० देखि १५०० सम्म लिने रैछन् यस स्कुलकाे उचित अनुगमन  तथा छानविन गरी कारबाही गरिदिनुहुन अनुराेध छ ,03/04/2024,शिक्षा विभाग,open
118,NoWard,8513,का म पा भित्र  बैशाख देखि शुरु हुने स्कुलहरुले प्रि भर्ना फि भनेर भनेर माेटाे रकम अशुल गरेका छन् हाम्रा साना बाबु नानिहरुले २/३ वटा विध्यालयमा भर्ना हुन Exam दिन्छन् केहि गरि राम्राे स्कुलमा नाम निस्कियाे भने अर्काे स्कूलले प्रिभर्ना भनेर लियकाे शुल्क फिर्ता दिदैनन् यस्ता विध्यालयप्रति का म पा काे ध्यान केन्द्रित हाेस् र उचित कारबाहि पनि हाेस्। ,03/04/2024,शिक्षा विभाग,open
119,Ward 9,8495,"नाेबेल एकेडेमि बानेश्वर चाेकमा रहेकाे कलेजले ११ क्लासकाे विध्यार्थी सँग परिक्षार्थी रु १०,००० र इन्जिनियरिङ क्लास फि भनेर रु ६,००० गरेर १६,००० विध्यार्थि सँग असुल गरेकाे छ का म पा काे छात्रवृतिमा पढेकाे विध्यार्थिलाइ याे लिनु जाहेज हाे कि हाेइन अनुगमन गरी कारबाही हाेस् ।",03/01/2024,शिक्षा विभाग,open
120,NoWard,8459,नयाँ बानेश्वर नेल्सन एेकेडेमि  मा पढाएकाे थिए  १२००० जति पैसा दिन मान्नु भएन यसकाे उचित कारबाहीकाे लागि अनुराेध छ । ,02/23/2024,शिक्षा विभाग,open
121,NoWard,8431,"धुम्बाराही  वडा नं ४ मा रहेकाे दुर्गा भवानी एकेडेमी स्कुलले बच्चालाइ अरु स्कुलमा स्पाेट खेलाउन लगेकाे बेला बच्चाकाे हाच भाच्चिएर अपरेशन नै गर्नु पर्याे स्कुलले केहि वास्ता गरेन यसकाे क्षतिपुर्ति त स्कुलेनै व्यहाेर्नुपर्ने हाे हाम्राे आर्थिक अवस्था पनि कमजाेर छ यसकाे उचित अनुगमन गरि पिडितलाइ न्याय दिलाइदिनुपर्याे । 
",02/20/2024,शिक्षा विभाग,open
122,Ward 1,8320,कमलादिको युनिग्लोब  स्कुलले कोच ईन्चार्ज भनेर DI राखेको छ। अनुगमन गरि DI हटाउन अनुरोध छ।,02/05/2024,शिक्षा विभाग,open
123,NoWard,8245,का.म.पा भित्रको स्कुलको १० कक्षाको पुरा नपढाउने त्यसको सट्टा कोचिङ्ग राख्ने र थप शुल्क उठाई अरु किताब किन्न लगाई आर्थिक भार पार्ने गर्दछन। अनुगमन गरि कक्षा राम्रोसंग सञ्चालन गर्नको लागि आवश्यक कारबाहि गर्न अनुरोध छ।,01/25/2024,शिक्षा विभाग,open
124,Ward 31,8233,बानेश्वरमा भएको काठमाडौ प्रज्ञा कुञ्ज स्कुलले बिदा धेरै दिने तर कोर्स सकिएन भनेर ९ कक्षाका विद्यार्थिलाइ बिहान ६ बजेबाट अतिरिक्त कक्षा अनिवार्य गरेको छ जसले गर्दा घरमा पढ्ने समय पनि नहुन र खर्च पनि बढि हुने हुन्छ। अतिरिक्त कक्षा अनिवार्य नगराउन आवश्यक अनुगमन गरि निर्देशन दिनुहुन अनुरोध छ।,01/23/2024,शिक्षा विभाग,open
125,Ward 10,8117,शान्तिनगर को व्राईट ईनटर नेशनल कलेजले डी आई राखी राखेको छ हटाउनु पर्यो ,01/01/2024,शिक्षा विभाग,open
126,NoWard,8077,प्राईभेट स्कुलहरुले Winter camp भनेर एक हत्ताकाे १२००० जती पैसा लिन्छन्  अनुगमन गरीदिनुहन अनुराेध छ । ,12/22/2023,शिक्षा विभाग,open
127,Ward 16,8033,सिद्धार्थ वनस्थली स्कुलले क्यारेटर सटिफिकेटकाे २०००। लियाे अनुगमनकाे लागि अनुराेध छ ,12/15/2023,शिक्षा विभाग,open
128,Ward 10,7974,१० नं वडा बानेश्वरमा रहेकाे नाेवेल एकेडेमी स्कूलले का म पा बाट पूर्ण रुपमा छात्राबृत्री पाएका बिध्यार्थीहरुबाट परिक्षा शल्क लिएकाे छ यसकाे अनुगमन गरी पूर्ण छात्रबृत्रीकाे पाउनकाे लागि अनुराेध छ । ,12/05/2023,शिक्षा विभाग,closed
129,Ward 14,7902,सिद्धार्थ मल्टीमल कलेज कलंकीले व्याचलरकाे क्यारेक्टर सटीफिकेट लिन जादा रु 3000 पैसा लियाे तर रसिदमा चाही श्रावण र भदाैकाे भनेर लेखियाे तर मेराे तिर्नु पर्ने ड्यू पनी थियन ठगि गराे यसकाे उचित छानविन गर्नकाे लागि अनुराेध गर्दछु । ,11/20/2023,"नगर प्रहरी बल,शिक्षा विभाग",closed
130,NoWard,7685,ccrc college ले छात्रवृत्ति पाएको विद्यार्थिबाट वार्षिक ३२०००/- मागेको छ। अनुगमन गरिदिनुहुन अनुरोध छ।,10/04/2023,शिक्षा विभाग,open
131,Ward 7,7665,वाडानं ७  सिफल स्कुल सिफल ले छात्रवृत्तीमा भर्नागरेको विद्यार्थी संग २० हजार महिना फी मागे ,09/30/2023,शिक्षा विभाग,open
132,Ward 16,7640,तरुण मा.वि. मा तालिका अनुसार खाजा नदिएर गुणस्तरहिन खाजा बच्चालाइ खुवाउने गर्छन। आवश्यक अनुगमन गरिदिनुहुन अनुरोध छ।,09/26/2023,शिक्षा विभाग,open
133,Ward 3,7609,श्री बासबारि सेकेन्डरि स्कुल महाराजगञ्जमा स्कुल बन्द भएको छ। अनुगमन गरि कारबाहि गरिदिनुहुन अनुरोध छ। ,09/21/2023,शिक्षा विभाग,open
134,NoWard,7567,ग्लोबल कलेजले छात्रवृति पाएका विद्यार्थिबाट पनि वार्षिक ४००००/- मागेको छ। कारबाहि गरिदिनुहुन अनुरोध छ।,09/14/2023,शिक्षा विभाग,open
135,Ward 16,7510,तरण मा.वि. ले कोचिङ्ग भनि  ८ कक्षाका विद्यार्थिबाट ३०००/- र ९ कक्षाका विद्यार्थिबाट ६०००/- शुल्क लिने गरेको छ। आवश्यक अनुगमन गरिदिनुहुन अनुरोध छ,09/07/2023,शिक्षा विभाग,open
136,NoWard,7506,RELINCE International colledge ले सार्वाजनिक विदाको दिन पनि छुट्टी दिएन ,09/06/2023,शिक्षा विभाग,open
137,NoWard,7505,ग्लोवल कलेजले सार्वजनिक विदाको दिन पनि छुट्टी दीएन ,09/06/2023,शिक्षा विभाग,open
138,NoWard,7471,ट्रिनिटि कलेजले  छात्रवृत्ति पाएको विद्यार्थिबाट २ वर्षको लागि ५००००/- मागेको छ। आवश्यक अनुगमन गरि कारबाहि गर्न अनुरोध छ।,09/01/2023,शिक्षा विभाग,open
139,NoWard,7470,,09/01/2023,शिक्षा विभाग,open
140,Ward 29,7449,29 वडा कार्यालयको विजय स्मारक सेकेन्डरि स्कुलले पहिला मन्टेश्वरि प्रणालिबाट हेर्छ भनि भर्ना लियो तर अहिले बच्चालाइ खास्सै मतलब नै गर्दैन। मासिक फि पनि ४००/- उठाउछ। आवश्यक अनुगमन गरि कारबाहि गर्न अनुरोध छ।,08/30/2023,शिक्षा विभाग,open
141,NoWard,7396,mega college ले छात्रवृतिमा management sub पठ्नेबाट भर्ना फि रु १००००/- उठाएको छ साथै व्यवस्थापन पढ्न नदिइ BHM मा भर्ना गरेको छ।साथै परीक्षा फि तथा कम्प्युर फि पनि लिने भनिरहेको छ। आवश्यक निर्देशन दिनुहुन अनुरोध छ।,08/23/2023,शिक्षा विभाग,open
142,NoWard,7383,विजेश्वरि ज्ञान मन्दिर सैनिक महाविद्यालयमा पहिलानै भर्ना गरि ३५०००/- तिरेको त्यसपछि का.म.पा.ले दिएको छात्रवृत्तिमा सोहि विद्यालय परेको हुदा पहिला दिएको ३५०००/- फिर्ता गरिदिनुहुन अनुरोध छ।,08/21/2023,शिक्षा विभाग,open
143,NoWard,7374,मोर्गन कलेजले छात्रवृत्ति प्राप्त विद्यार्थिलाइ वार्षिक ३००००/- मागेको छ।आवश्यक अनुगमन गरि कारबाहि गर्न अनुरोध छ।,08/20/2023,शिक्षा विभाग,open
144,NoWard,7373,,08/20/2023,शिक्षा विभाग,open
145,NoWard,7368,"ट्रिटन कलेज, बालकुमारिले परीक्षा फि भनेर वार्षिक १००००/- मागेको छ। अनुगमन गरिदिनुहुन अनुरोध छ।",08/18/2023,शिक्षा विभाग,open
146,NoWard,7367,kmc college ले per exam fee भनेर १८००/- उठाएको छ।उठाउन पाउछ पाउदैन भनि प्रश्न आएको छ।,08/18/2023,शिक्षा विभाग,open
147,NoWard,7366,"-नोबेल कलेज न्यु बानेश्वरले २ वर्षको परीक्षा फि भनेर २००००/- मागेको छ।
-सिफल कलेजले का.म.पा. बाट कुनै सूचना आएको छैन भनि छात्रवृत्ति पाएका विद्यार्थिको भर्ना गरेको छैन भाद्र ४ गते आउनु भनि हिजो आज विद्यार्थि फिर्ता पठाएको छ।",08/18/2023,शिक्षा विभाग,open
148,NoWard,7365,"न्यू सुमिट कलेज, मैतिदेविमा वार्षिक ४८०००/- मागेको छ।( विद्यार्थि- विजय सिहं)
अन्नपुर्ण विनायक कलेज, तिनकुनेले extra class fee भनेर वार्षिक २००००/- मागेको छ। (एलिसा सुनुवार)
प्रिमियर सेकेण्डरि स्कुल , बानेश्वरले वार्षिक ३००००/- मागेको छ। (विद्यार्थि-सुनिशतिला श्रेष्ठ)
national college of computer study college, paknajol ले वार्षिक १००००/- मागेको छ।(सुन्दर श्रेष्ठ)
क्रितन बालकुमारि कलेजले वार्षिक १००००/- मागेको छ। 
CCRC कलेजले वार्षिक ४८०००/- मागेको  छ। आवश्यक अनुगमन गरिदिनुहुन अनुरोध छ।",08/18/2023,शिक्षा विभाग,open
149,NoWard,7364,Kist colledge ले २५ हजार वार्षीक फि माग्यो के गर्ने ।,08/18/2023,शिक्षा विभाग,open
150,NoWard,7363,Trinity colledege मा होटेल म्यनेजमेन्ट पडनलाई छात्र वृत्तमा मेरो नाम निस्कीयको थियो तर सिट प्यक भयो भनेर मलाई भरना गर्न मनेन के गर्ने ।,08/18/2023,शिक्षा विभाग,open
151,NoWard,7362,Cosmic colledge ले खेलकुदलगाएत शुल्कको नाममा २७ हजार भन्दा वडी भर्ना शुल्क माग्यो ,08/18/2023,शिक्षा विभाग,open
152,NoWard,7361,L R I school ले भर्न फि भनेर ५ हजार माग्यो ,08/18/2023,शिक्षा विभाग,open
153,Ward 3,7360,रिपुमर्दिनि आवाशिय सैनिक महाविधालयले छात्रवृत्तीको विधार्थिलाई भर्न लिन मानेन ।,08/18/2023,शिक्षा विभाग,open
154,NoWard,7359,"Triton colledge ले १० हजार एड्मिसन फि माग्यो, परिक्षा फि को नाममा ",08/18/2023,शिक्षा विभाग,open
155,NoWard,7357,"ट्रिनिटि कलेजले एनुअल फि भनेर ३४०००/- मागेको छ। (विद्यार्थि-रुबिज मल्ल)
जेबिर्स एकेडेमि लाजिम्पाट बार्षिक ४३५००/- मागेको छ।( विद्यार्थि-कोजडोज थापा)
जेबिर्स इन्टरनेशनल कलेज कालोपुलमा वार्षिक फि ५००००/- मागेको छ।(विद्यार्थि-सिद्धार्थ झा)
ग्लोबल कलेजले व्यवस्थापन शंखायमा वार्षिक फी ४००००/- मागेको छ। आवश्यक अनुगमन गरिदिनुहुन अनुरोध छ।",08/18/2023,शिक्षा विभाग,open
156,NoWard,7356,"Reddon colledge, ले ५ हजार   Global Colledge ले ४० हजार फि माग्यो",08/18/2023,शिक्षा विभाग,open
157,NoWard,7355,"CCRC कलेजले ईक्जाम फि,स्यानिटेसन,स्पोर्ट लगाएतको नाममा ४५ हजार भन्दा वडी फि माग्यो छात्रवृत्तीको,, भरना हुदा पनि के गर्ने।",08/18/2023,शिक्षा विभाग,open
158,NoWard,7354,सिफल सेकेन्डरि कलेजले कुनै सूचना आएको छैन भनि छात्रवृत्ति प्राप्त गर्ने विद्यार्थिलाइ भर्ना गर्न मानेको छैन भनि गुनासो आएको छ।अनुगमन गरियोस।,08/17/2023,शिक्षा विभाग,open
159,NoWard,7353,सिफल सेकेन्डरि कलेजले कुनै सूचना आएको छैन भनि छात्रवृत्ति प्राप्त गर्ने विद्यार्थिलाइ भर्ना गर्न मानेको छैन भनि गुनासो आएको छ।अनुगमन गरियोस।,08/17/2023,शिक्षा विभाग,closed
160,Ward 15,7352,भगवान पाउँमा भएको दिव्यश्वरि आर्मि कलेज  ले छात्रवृत्तिको भर्ना नै गर्न मानेन भनि गुनासो आएको छ। अनुगमन गरिदिनुहुन अनुरोध छ।,08/17/2023,शिक्षा विभाग,open
161,NoWard,7350,"CCRC कलेजले विविध भनेर बिद्यार्थिहरुबाट ४५०००/- वार्षिक मागेको छ। (विद्यार्थि- डेविड साउद)
प्रिमियर कलेज बानेश्वरले वार्षिक ३३०००/- मागेको छ। (विद्यार्थि- फ्रान्सिस भट्राइ)
निस्ट कलेज, लैनचोरले ५०००/- मागेको छ। (विद्यार्थि -अर्जुन प्रसाद उपाध्याय)
ग्लोबल कलेज अफ साइन्स वार्षिक ५००००/- मागेको छ। ( अमित कुमार शाह) 
पिपुल्स कलेज पक्नाजोलले वार्षिक ९०००/- मागेको छ।
पेन्टागन कलेजले परीक्षा फि भनेर ४०००/- मागेको छ। आवश्यक अनुगमन तथा निर्देशन दिइ पुर्ण छात्रवृति उपलब्ध गराइदिनुहुन अनुरोध छ।",08/17/2023,शिक्षा विभाग,open
162,NoWard,7351,"CCRC कलेजले विविध भनेर बिद्यार्थिहरुबाट ४५०००/- वार्षिक मागेको छ। (विद्यार्थि- डेविड साउद)
प्रिमियर कलेज बानेश्वरले वार्षिक ३३०००/- मागेको छ। (विद्यार्थि- फ्रान्सिस भट्राइ)
निस्ट कलेज, लैनचोरले ५०००/- मागेको छ। (विद्यार्थि -अर्जुन प्रसाद उपाध्याय)
ग्लोबल कलेज अफ साइन्स वार्षिक ५००००/- मागेको छ। ( अमित कुमार शाह) 
पिपुल्स कलेज पक्नाजोलले वार्षिक ९०००/- मागेको छ।
पेन्टागन कलेजले परीक्षा फि भनेर ४०००/- मागेको छ। आवश्यक अनुगमन तथा निर्देशन दिइ पुर्ण छात्रवृति उपलब्ध गराइदिनुहुन अनुरोध छ।",08/17/2023,शिक्षा विभाग,open
163,Ward 15,7349,विजेश्वरी सैनिक महाविधालयले का.म.पा. वाट लियको छात्रवृत्ती हामी मान्दैनौ हामी सैनीक को लागी मात्रै हो भनेर भरन गर्न मानेन ।,08/17/2023,शिक्षा विभाग,open
164,NoWard,7324,आखाँ पाक्ने रोगले विद्यार्थि र शिक्षकहरुलाइ समस्या भयो। स्कुल बन्द गर्ने निर्णय गरिदिनुहुन अनुरोध छ।,08/14/2023,शिक्षा विभाग,open
165,Ward 14,7300,नेपाल काष्टमण्डप कलेज कलंकीले किताव कापी हरु यसै कलेज वाटै लिनपर्छ भनेर अनावश्यक दवाज दीयो ।,08/10/2023,शिक्षा विभाग,open
166,Ward 14,7278,कलंकि काष्ठमण्डप कलेजमा विधार्थिहरुलाइ किताब कापि कलेजबाट मात्र खरिद गर्नुपर्ने व्यवस्था छ। बाहिर बाट खरिद गरेको भएन। अहिले बिक्रि वितरण गरिराखेको छ। अनुगमन गरिदिनुहुन अनुरोध छ।,08/04/2023,शिक्षा विभाग,open
167,Ward 14,7253,कलंकिमा रहेको काष्ठमण्डप कलेजले आफ्नो कलेजको कपी नकिनेर बाहिरको कपि किन्दा गृहकार्य नै शिक्षकले चेक नगरेको र कलेजकै कपि किन्न बाध्य गराएको छ। आवश्यक अनुगमन गरिदिनुहुन अनुरोध छ।,08/01/2023,शिक्षा विभाग,open
168,Ward 10,7214,बिजुलि बजारमा रहेको चक्रवति हवि एजुकेशन एकेडेमि २ महिनादेखि बन्द छ। हामिहरुको पुरै पैसा लिइसक्यो। बोर्ड परिक्षा पनि आउन लाग्यो।सधै झगडा मात्र हुन्छ। आवश्यक अनुगमन गरिदिनुहुन अनुरोध छ।,07/26/2023,"नगर प्रहरी बल,शिक्षा विभाग,Mayorसचिवालय",closed
169,NoWard,7140,"kmc, trinity जस्ता कलेजले भर्नाको लागि ३, ४ दिन मा कोटा पुरा हुन्छ भनेर भर्ना गर्न लगाएको छ तर का.म.पा. को छात्रवृतिको परिक्षा २० गते मात्र हुने गरेको छ। जसले गर्दा विद्यार्थिमा समस्या भयो। भर्ना गरेन भने कोटा पुरा भएर पछि पढ्न नपाउने तर भर्ना गर्यो छात्रवृतिमा नाम निस्कन नसकेमा त्यत्रो महंगो फी तिर्न नसक्ने अवस्था भएकोले का.म.पा.को छात्रवृतिको रिजल्ट नआउदा सम्म भर्ना कार्य रोक्न आवश्यक कार्य गरिदिनुुहन अनुरोध छ भनि गुनासो आएको छ।",07/16/2023,"शिक्षा विभाग,Mayorसचिवालय",closed
170,NoWard,7138,नेपाल काष्ठमण्डप कलेजले कलेज बाहिर कपि किन्न दिदैन। कलेजबाटै दिएको कपि चलाउनुपर्ने व्यवस्था छ। आवश्यक अनुगमन गरिदिनुहुन अनुरोध छ।,07/16/2023,शिक्षा विभाग,open
171,Ward 8,7115,पशुपति नजिक रहेको बाल विद्या आश्रम जहा संस्कृत पढाइन्छ त्यहा बच्चाहरुको खानामा प्लास्टिक भेटिएको छ साथै दिवा खाजामा एकदमै कटौटि गरिएको छ। आवश्यक अनुगमन गरिदिनुहुन अनुरोध छ।,07/12/2023,शिक्षा विभाग,closed
172,Ward 10,7041,बानेश्वर रत्नराज्य स्कुलले बुक फ्रि फ्राइडेमा कुनै शिपमुलक कार्यक्रम गर्दैन। आवश्यक अनुगमन गरि शिपमुलक कार्यक्रम गर्न निर्देशन दिनुहुन अनुरोध छ।,07/04/2023,शिक्षा विभाग,closed
173,Ward 28,7013,२८ वडाको वागवजारमा खानेपानीमा किरा देखीयो,06/30/2023,शिक्षा विभाग,open
174,Ward 16,6994,बालाजु माछापोखरि क्षेत्रमा निजि कलेजहरुको क्यान्टिन एकदमै महगो भयो। आवश्यक अनुगमन गरि खाजा शुल्क सम्बन्धमा आवश्यक निगरानि गरिदिनुहुन अनुरोध छ।,06/28/2023,शिक्षा विभाग,open
175,Ward 29,6990,"बिजुलि बजारमा रहेको चक्रवति हवि कलेजले शुल्क धेरै शुल्क बढाएको छ। विद्यार्थि पनि धेरै भर्ना गरेको छ।हाल विद्यार्थिहरु ३, ४ दिनदेखि आन्दोलनमा छन। प्रिन्सिपललाइ पनि भेट्न गाह्रो हुन्छ। शुल्क घटाउन आवश्यक अनुगमन गरि निर्देशन दिनहुन अनुरोध छ।",06/27/2023,शिक्षा विभाग,open
176,Ward 10,6967,सिनामंगलमा रहेको प्रस्फुटन इन्टरनेशनल एकेडेमिले कुनै पनि विद्यार्थिलाइ  प्रथम र द्धितिय विद्यार्थि तथा जम्मा विद्यार्थिको १० प्रतिशतलाइ छात्रवृति दिने सुविधा उपलब्ध गराएको छैन। आवश्यक अनुगमन गरि छात्रवृतिको व्यवस्था गरिदिनुहुन अनुरोध छ।,06/23/2023,शिक्षा विभाग,closed
177,Ward 16,6949,बोराटारमा रहेको सितला स्कुल जुन सरकारि विद्यालय भएता पनि वार्षिक ५०००/- उठाउने गरेको छ। आवश्यक अनुगमन गरि अनावश्यक शुल्क उठाउन रोक लगाइदिनुहुन अनुरोध छ।,06/21/2023,शिक्षा विभाग,closed
178,Ward 7,6945,गौरिघाट स्थित किड्स होम मन्टेश्वरिले बच्चाहरुलाइ पिट्ने तर्साउने गर्छन। आवश्यक निर्देशन दिनुहुन अनुरोध छ।,06/21/2023,शिक्षा विभाग,closed
179,NoWard,5953,kmc मा प्राय कलेजहरुले १२ कक्षाको पढाइ असार १० बाट सुरु गर्न गैरहेको अवस्था छ। जसरि १० कक्षा सम्मको विद्यालयको छात्रवृतिको लागि का.म.पा ले काम गरेको थियो त्यसरि नै प्लस्टुहरुको पनि अनुगमन गरि शिक्षामा हुने अनियमिता तथा उपलब्ध गराउने छात्रवृतिको सम्बन्धमा आवश्यक कदम चलादिनुपर्यो भनि सु्झाब आएको छ।,06/20/2023,"शिक्षा विभाग,Mayorसचिवालय",closed
180,Ward 32,5944,न्यु भिजन एकेडेमि कोटेश्वर को स्कुलले प्रथम भएका विद्यार्थिलाइ कुनै किसिमको छात्रवृति उपलब्ध गराएको छैन तर छात्रवृति दिएको विद्यालयमा नाम समावेश भएको छ भनि गुनासो आएको हुदा आवश्यक अनुगमन गरि छात्रवृति उपलब्ध गराइदिनुहुन अनुरोध छ।,06/19/2023,शिक्षा विभाग,open
181,Ward 15,5926,काठमाडौ भ्यालि स्कुलले १० प्रतिशत विद्यार्थिलाइ दिनुपर्न छात्रवृति पनि दिएको छैन । आवश्यक अनुगमन गरि छात्रवृतिको अवसर प्रदान गरिदिनुहुन अनुरोध छ।,06/16/2023,शिक्षा विभाग,open
182,Ward 10,5912,बुद्धनगरमा रहेको k.m.c स्कुलले प्रथम हुने विद्यार्थिलाइ पुर्ण रुपमा छात्रबृति नदिइ थोरै मात्रामा मात्र दिन्छ। आवश्यक अनुगमन गरिदिनुहुन अनुरोध छ।,06/14/2023,शिक्षा विभाग,open
183,Ward 14,5900,ज्ञानकुञ्ज स्कुल को toilet मा पानि हुदैन विद्यार्थिहरु घरमा जानुपर्नय अवस्था छ साथै खानेपानिको पनि समस्या छ। आवश्यक काम गरिदिनुहुन अनुरोध छ।,06/13/2023,शिक्षा विभाग,open
184,Ward 31,5860,"मिनभवनको EPS स्कुलले मेडिकल चार्ज भनेर पैसा लिन्छ।प्याड पनि दिदैन। कम्प्युटर, लाइबेर, बस भाडा भनि शुल्क लगेको तर कम्प्युटर सिकाएको छैन, लाइबेरिबाट कुनै किताब पनि दिएको छैन। धेरै शुल्क लिन्छ। आवश्यक अनुगमन गरि कारबाहि गरिदिनुुहन अनुरोध छ।",06/06/2023,शिक्षा विभाग,open
185,Ward 16,5858,नेपाल युवक मा.वि. भित्र पुरानो स्कुल २०७२ को भुकम्पबाट पुर्ण झति भएको तर अहिले विद्यार्थिहरु क्षति भएको भवन वरिपरि खेल्ने गर्छन जसले ठुलो दुर्घटना निम्ताउन सक्छ। त्यसैले उक्त स्कुल पुर्ण रुपमा भत्काइदिनुहुन अनुरोध छ।,06/06/2023,"नगर प्रहरी बल,शिक्षा विभाग",closed
186,NoWard,5852,"white field school ले ६ कक्षा भन्दा तलका प्रथम, द्धितिय हुने विद्यार्थिलाइ कुनै छुट छैन भनि छुट नदिएको अवस्था छ। छात्रवृतिको लागि आवश्यक सहयोग गरिदिनुहुन अनुरोध छ।",06/06/2023,शिक्षा विभाग,open
187,Ward 4,5848,"NCCS  school, चण्डोल बन्सिधरमार्गले प्रथम तथा दितिय भएको विद्यार्थिलाइ तथा १० प्रतिशत विद्यार्थिलाइ दिनुपर्ने कुनै पनि सुविधा दिएको छैन। आवश्यक अनुगमन गरि सहुलियत प्रदान गरिदिनुहुन अनुरोध छ।",06/05/2023,शिक्षा विभाग,closed
188,NoWard,5841,"न्युरोड, बसन्तपुर, कुमारिगाल क्षेत्रका सरकारि स्कुलमा शिक्षकहरुले राम्रो सग नपढाइदिनाले विद्यार्थिको पढाइको स्तर एकदमै कमजोर छ। आवश्यक अनुगमन गरि शैक्षिक स्तर सुधार्न सहयोग गरिदिनुहुन अनुरोध छ।",06/04/2023,शिक्षा विभाग,open
189,NoWard,5828,अस्कल क्याम्पसमा नियमित रुपमा पढाइ हुदैन शिक्षकहरुबाट लापरबाहि हुन्छ।यस सम्बन्धमा आवश्यक अनुगमन गर्ने वातावरण मिलाइदिनुहुन अनुरोध छ।,06/02/2023,शिक्षा विभाग,open
190,Ward 4,4806,सुकेधारामा रहेको वागमति वोर्डीङ स्क्लले ७ देखि १० सम्म का विधार्थिलाई धेरै होमोक दिने विधार्थिलाई पिट्ने गर्दछन ।,05/31/2023,शिक्षा विभाग,open
191,Ward 10,4793,नयाँवानेश्वर खरीवोटमा रहेको रेनस स्कुलले कुनै पनि विधार्थी लाई यो वर्ष छुट दिनसकीन्न अर्को वर्ष देखी दिन्छौं भनेर टर्यो ।,05/28/2023,शिक्षा विभाग,open
192,NoWard,4783,"2, 3 कक्षाको बच्चाको बुक धेरै लिएर स्कुल जानु पर्छ जसले बालबालिकालाइ धेरै लोड भयो।यस सम्बन्धमा आवश्यक काम गरिदनुहुन अनुरोध छ।",05/26/2023,शिक्षा विभाग,open
193,Ward 11,4775,"विश्वनिकेतन स्कुलमा ९, १० कक्षाको बच्चाहरुलाइ प्लसटु पढ्ने बच्चाहरुले पढाउछन र शिक्षकको आउने जाने समय पनि ठिक छैन। र स्कुल चल्ने समय पनि ठिक छैन। अनुगमन गरिदिनुहुन अनुरोध छ।",05/24/2023,शिक्षा विभाग,open
194,Ward 15,4758,मैत्री स्कुल छाउनीले कक्षा १ का विडधार्थिलाई छात्र वृत्ती दिएन ,05/22/2023,शिक्षा विभाग,open
195,Ward 16,4680,बालबाटीका इन्टरनेशनल स्कुल बालाजुले प्रथम आएको विद्यार्थिलाइ कुनै किसिमको छुट दिएनन्। छुट माग्न जादा महानगरको स्थायि बासिन्दाको लागि मात्र हो भनिएको छ। आवश्यक अनुगमन गरि कारबाहि गरिदिनुहुन अनुरोध छ।,05/08/2023,शिक्षा विभाग,open
196,Ward 4,4678,बन्सिधर मार्ग बिशालनगर चण्डोलमा भएको NCCS school ले प्रथम द्धितिय आउने तथा कुल विद्यार्थिको संख्याको १० प्रतिशत छात्रवृत्ति पनि उपलब्ध गराएको छैन। आवश्यक अनुगमन गरि छात्रवृत्ति उपलब्ध गराउनुहुन अनुरोध छ।,05/07/2023,शिक्षा विभाग,open
197,Ward 16,4673,बसुन्धरा कलेजले बि.बि. एस  तेस्रो वर्षको परिक्षा फि २५०० लिन्छ एकदमै महगो भयो। यसको आवश्यक अनुगमन गरि कारबाहि गरिदिनुहुन अनुरोध छ।,05/05/2023,शिक्षा विभाग,open
198,Ward 30,4668,ज्ञानेश्वर स्थित Galaxy स्कुले मेरो वच्चा लाई ९ वाट १०  मा जाँदा प्रथम भए पनि Scholarship दिदैन ।,05/03/2023,शिक्षा विभाग,closed
199,NoWard,4661,बालबाटिका इन्टरनेशनल स्कुलले प्रथम आउने विद्यार्थिलाइ केहि पनि छुट दिएन। आवश्यक अनुगमन गरि छुटको व्यवस्था गरिदिनुहुन अनुरोध छ।,05/03/2023,शिक्षा विभाग,open
200,Ward 10,4660,अवार्नेश इन्टरनेशनल एकेडेमि संखमुलको किताब एउटै पुस्तकपसलमा मात्र पाइन्छ तर त्यो पुस्तक पसललेले मान्छे पिच्छे फरक फरक मुल्य गर्ने गरेको छ। आवश्यक अनुगमन गरि पुस्तकको मूल्यमा एकरुपता कायम गरिदिनुहुन अनुरोध छ।,05/03/2023,शिक्षा विभाग,open
201,Ward 16,4655,१६ वडा वाल वाटिका ईन्टरनेशनल स्कुलले क्लासमा प्रथम हुने विधार्थिले पाउने सुविधा स्थानिय बासिन्दालाई मात्र हो भनेर दिदैन ।,05/01/2023,शिक्षा विभाग,closed
202,Ward 4,4653,सुकेधारा स्थित वागमति वोर्डिङ स्कुल मा पढदैआएक मेरा छोरा छोरीहरु लई भर्ना शुल्क पुरै लियो मासीक शुल्कमा  केही छुट दिएजस्तो गर्छ । रकम तिर्न पनि ताकेता गर्छ ।,04/30/2023,शिक्षा विभाग,closed
203,NoWard,4652,स्कुलहरुले मनपर्दी शुल्क लिने वार्षिक फि भनदै पटक पटक पैसा असुल्ने गरेकाछन नियमन गर्नु पर्यो ।,04/30/2023,शिक्षा विभाग,closed
204,Ward 26,4651,२६ वडा गल्को पाखा मा २/३ ओटा स्क्लहरुले छात्रवृत्ती दिदैनन् र हरेक वर्ष रि एडमीसन लिने गरेका छन कारवाही हुनु पर्यो ।,04/30/2023,शिक्षा विभाग,closed
205,Ward 26,4650,२६ वडा मा २/३ ओटा स्क्लहरुले छात्रवृत्ती दिदैनन् र हरेक वर्ष रि एडमीसन लिने गरेका छन कारवाही हुनु पर्यो ।,04/30/2023,शिक्षा विभाग,closed
206,NoWard,4649,स्कुल कलेजहरुले भ्रमण जानै पर्ने भनेर वाध्य गर्ने गरेका हुनछन हरीदीनु पर्यो ।,04/30/2023,शिक्षा विभाग,closed
207,Ward 16,4641,१६ वडा स्थित वालवाटिका ईनटरनेशनल स्कुलले मेरो १ क्लास वाट २ मा जाने फस्ट भएको वच्चालाई पानि छात्र वृत्ती दिएन ।,04/29/2023,शिक्षा विभाग,closed
208,Ward 30,4635,ग्यालेसी पव्लिक स्कुलले छात्रवृत्तिको कै सुविधा दिएन दिलाई पाउँ ।,04/27/2023,शिक्षा विभाग,closed
209,Ward 3,4631,बासबारिको मेरिडेन स्कुलले १ कक्षा पढ्ने विद्यार्थिलाइ भ्रमण खर्च १००००/- कपि मात्रको १२०००/- लियो।प्रथम र द्धितिय हुने विद्यार्थिलाइ छुट पनि दिएन। का.म.पा. कार्यालयले स्कुल चलाउने हो र भनेर ठाडो जवाफ दियो।स्कुलको अनुगमन गरि छुटको व्यवस्था तथा चर्को शुल्क नियन्त्रण गरिदिनुहन अनुरोध छ।,04/26/2023,शिक्षा विभाग,closed
210,Ward 14,4628,जनपथ सेकेण्डरि स्कुल कलङ्किले न्युन आय भएका अभिभावकबाट चर्को शुल्क लिने गरेको छ। सरकारले शिक्षामा यति धेरै लगानि गरेको छ। किन यसो गरेको भन्दा विद्यार्थिमाथि अभद्र व्यवहार गरि तेरो विद्यार्थि अन्त लगेर पढा भनि ठाडो जवाफ दिन्छ। आवश्यक अनुगमन गरि शुल्क निपन्त्रण तथा छात्रवृतिको व्यवस्था गरिदिनुहुन अनुरोध छ।,04/26/2023,शिक्षा विभाग,closed
211,NoWard,4626,"निजि स्कुलहरुले भर्ना शुल्क, मासिक शुल्क तथा मनोमानि ढंगले विविध शुल्क असुल्ने गर्दछन। आवश्यक अनुगमन गरि शुल्क नियन्त्रण गरिदिनुहुन अनुरोध छ।",04/26/2023,शिक्षा विभाग,closed
212,Ward 3,4625,चक्रपथ स्थित जेन बेवि स्कुलले छात्रावृतिको बारेमा अभिभावक तथा विद्यार्थिलाइ जानकारि नगराएको र छात्रवृतिको लागि आवश्यक सहयोग गरिदिनुहुन अनुरोध छ।,04/26/2023,शिक्षा विभाग,closed
213,Ward 1,4618,दरवारमार्ग स्थित भानु मा.वि.ले अभिभावकहरु संग डोनेसन भनेर रकम उठाईराखेको छ ।,04/24/2023,शिक्षा विभाग,closed
214,Ward 6,4614,वौद्ध जोर पाटी सर्वनाम शिक्षालय स्कुल मा  ४मा  पहीलो दोश्रो  भएको विधार्थी लाई स्कोलार्शिप दिएन,04/24/2023,शिक्षा विभाग,closed
215,Ward 10,4612,कक्षा ६ को जनशिक्षा सामाग्रिबाटै मुल्य नखुलाएको तथा मुल्य खुलाएको ठाउँमा छाप लगाएर नबुझिने अवस्थामा छ। कतिमा किताब बिक्रि गर्ने अन्योलता भयो। मुल्य खुलाइदिनुहुन अनुरोध छ।,04/23/2023,"शिक्षा विभाग,Mayorसचिवालय",closed
216,Ward 32,4611,न्यु भिजन एकेडेमि स्कुल कोटेश्वरमा कक्षा ९ मा प्रथम आएको विद्यार्थिलाइ कुनै किसिमको छुट तथा सहुलियत प्राप्त भएन। आवश्यक अनुगमन गरि छुट र सहुलियतका लागि आवश्यक व्यवस्था मिलाइदिनुहुन अनुरोध छ।,04/23/2023,शिक्षा विभाग,closed
217,Ward 15,4610,15 वडा को एउटा निजि स्कुलले २ कक्षाको बच्चालाइ डिसनेरि किन्न लाग्यो र किताबको लिस्ट दिएन। निजि विद्यालयको आवश्यक अनुगमन गरिदिनुहन अनुरोध छ।,04/23/2023,शिक्षा विभाग,closed
218,Ward 6,4608,सम्बोत्ता मा.वि. तिनचुलि बौद्ध मा ग्रेडिङ्गमा रिजल्ट निकाल्ने गर्छ जसले प्रथम दितिय स्थान आउने तथा जेहेन्दार छात्रछात्रालाइ कुनै पनि छुट सहुलियत दिएको छैन। आवश्यक अनुगमन गरि छुट तथा छात्रबृतिको व्यवस्था गरिदिनुहुन अनुरोध छ।,04/23/2023,शिक्षा विभाग,closed
219,Ward 32,4607,जडिबुटी सर्वेश्वरि आदर्श विद्यालयले कक्षा ६ प्रथम विद्यार्थिलाइ कुनै किसिमको सुविधा तथा सहुलियत नदिएको र छुट माग्दा कुनै किसिमको जानकारि नभएको भन्नुभयो।आवश्यक अनुगमन गरि निर्देशन दिनुहुन अनुरोध छ।,04/23/2023,शिक्षा विभाग,closed
220,Ward 14,4604,गंगा स्कुल र LRI स्कुलले आफुले भनेको  स्टेशनरिबाट मात्र स्टेशनरिको छाप लगाएको पुस्तक मात्र हुने र अरु स्टेशनरिको पुस्तक फिर्ता गरिदिएको छ। यस्तो सिन्डिकेट अन्त्य गरिदिनुहुन अनुरोध छ।,04/23/2023,शिक्षा विभाग,closed
221,Ward 14,4603,कुलेश्वर आवास क्षेत्रमा बाटो अवरुध पारेर ढलको लागि बाटो खनेर आवतजावतमा समस्या भयो। ढल व्यवस्थापन गरि बाटो चाडो बनाइदिनुहुन अनुरोध छ,04/23/2023,शिक्षा विभाग,closed
222,Ward 7,4602,गोपिकृष्ण हलको पछाडि सरस्वति नगरमा रहेको KUCT स्कुलले प्रथम र द्धितियलाइ छुट माग्दा विद्यालयलाइ कुनै किसिमको जानकारि नभएको भनि छुट दिएनन्। आवश्यक अनुगमन गरि कारबाहि गरिदिनुहुन अनुरोध छ।,04/23/2023,शिक्षा विभाग,closed
223,NoWard,4601,"स्कुलमा ग्रेडिङ्ग प्रणालि हुनाले एउटै कक्षामा  A + ल्याउने १५, २० जना हुन्छ।यस्तो नतिजाले प्रथम द्धितिय छुटिदैन जसले विद्यालयले कुनै सुविधा तथा छुट दिदैन।यसको समाधानका लागि आवश्यक काम गरिदिनुहन अनरोध छ।",04/23/2023,शिक्षा विभाग,closed
224,Ward 30,4600,ग्यालेक्सि पब्लिक स्कुलमा प्रथम तथा द्धितिय स्थानमा आउने विद्यार्थिलाइ कुनै किसिमको छुट तथा सुविधा दिएको छैन। आवश्यक अनुगमन गरि कारबाहि गरिदिनुहन अनुरोध छ।,04/23/2023,शिक्षा विभाग,closed
225,Ward 32,4598,कोटेश्वर ग्रामिण स्कुलमा विद्यार्थिको ranking नै निकाल्दैन जसले गर्दा प्रथम दितिय  स्थानामा आएको विद्यार्थिले कुनै पनि छुट पाएनन्। आवश्यक अनुगमन गरिदिनुहुन अनुरोध छ।,04/23/2023,शिक्षा विभाग,closed
226,Ward 16,4597,झरना स्कुल बनस्थलिले कक्षामा प्रथम र द्धितिय स्थान आएको विद्यार्थिलाइ मासिक फी मात्र छुट भयो वार्षिक फि पुरै लियो। वार्षिक फि पनि छुट गराउन आवश्यक निर्देशन दिनुहुन अनुरोध छ।,04/16/2023,शिक्षा विभाग,closed
227,Ward 7,4594,जेबियर स्कुल कुमारिगालले कक्षामा प्रथम हुने ७ र ९ कक्षाका विद्यार्थिलाइ छुट दिएन। आवश्यक अनुगमन गरि कारबाहि गरिदिनुहुन अनुरोध छ।,04/22/2023,शिक्षा विभाग,closed
228,Ward 10,4589,kmc school ले टोकन दिएर  बुक र कपि लिदा उसैले भनेको पसलबाट लिन बाध्य गर्छ। यसको नियन्त्रण गरिदिनुहुन अनुरोध छ।,04/22/2023,शिक्षा विभाग,closed
229,Ward 10,4588,रोजबर्ड स्कुल बुद्धनगर पढ्ने गुनासो कर्ताको छोराको स्कुलले एकै पटक ५०००/- बढाएको छ। आवश्यक अनुगमन गरि शुल्क बृद्धि नियन्त्रण गरिदिनुहुन अनुरोध छ।,04/22/2023,शिक्षा विभाग,closed
230,Ward 32,4587,पेप्सिकोलामा रहेको ग्लोबल पब्लिक स्कुलले खाजा खादा बिदाको दिनसमेत को पैसा जोडेर असल गर्यो। आवश्यक अनुगमन गरिदिनुहुन अनुरोध छ।,04/22/2023,शिक्षा विभाग,closed
231,NoWard,4584,निजि क्षेत्रको बोडिङ्ग स्कुलहरुले भर्नाशुल्कमा एनुअल फि भनेर लिन्छ।त्यो केसमा खर्च गर्छ देखाउन सकेदैन। यसको नियन्त्रण गरिदिनुहुन अनुरोध छ।,04/22/2023,शिक्षा विभाग,closed
232,NoWard,4582,ग्यालेक्सि पब्लिक स्कुलले प्रथम स्थान आएको गुनासोकर्ताको बच्चालाइ कुनै किसिमको छात्रवृति सुविधा दिएको छैन।आवश्यक अनुगमन गरि कारबाहि गरिदिनुहुन अनुरोध छ।,04/22/2023,शिक्षा विभाग,closed
233,NoWard,4581,इमाइल एकेडेमि स्कुलले अहिलेसम्म कुनै छात्रवृत्ति दिएको छैन। कपि पनि स्कुलबाटै किन्नुपर्छ। आवश्यक अनुगमन गरि सुधार गरिदिनुहुन अनुरोध छ।,04/22/2023,शिक्षा विभाग,closed
234,Ward 1,4580,युनिग्लोब स्कुल कमलादि रहेकोे पुस्तकालय को नाम तोकेर पुस्तक किन्न भन्यो तर अन्य पुस्तकपसलबाट किन्दा राम्रो डिस्काउन्ट पाइन्छ। आवश्यक अनुगमन गरि पुस्तक पसल तोक्ने प्रचलन अन्त्य गरिदिनुहुन अनुरोध छ।,04/22/2023,शिक्षा विभाग,closed
235,Ward 16,4573,बनस्थलिमा रहेको ज्ञान रस्मि जनजागृति स्कुलमा कक्षा आठको इन्ट्रानसमा फेल गराएर भर्ना गरिदिएन।पढ्न पाउने बालबालिकाको अधिकार मिच्न मिल्दैन। यस सम्बन्धमा आवश्यक अनुगमन गरि कारबाहि गरिदिनुहुन अनुरोध छ।,04/19/2023,शिक्षा विभाग,closed
236,Ward 13,4564," निजि छाउनिको स्कुलमा प्रत्येक वर्ष भर्ना शुल्क भनेर २०, २२ हजार उठाउछ ।एक चोटी भर्ना शुल्क तिरेपछि फेरि अर्को वर्ष भेना शुल्क नलिए अभिभावकलाइ धेरै राहत हुने थियो। त्यसको अनुगमन गर्न पर्यो भनि गुनासो आएको छ।",04/17/2023,शिक्षा विभाग,closed
237,NoWard,4563,प्राइभेट स्कुले मनपरि ढंगले रकम असुल गरिराखेको छन। बागमति बोडिङ्ग स्कुल सुकेधारा ले पनि यस्तै गरि राखेको छ।अनुगमन गरि आवश्यक कारबाहि गरिदिनुहुन अनुरोध छ।,04/17/2023,शिक्षा विभाग,closed
238,NoWard,4540,दरबार हाइस्कुल सरकारि विद्यालय भएपनि मासिक ५०० का दरले ६ महिनाका लागि विद्यार्थिबाट शुल्क उठाइ रहेको अवस्था छ।भर्ना चैत्र २९ गतेसम्म भएकाले चाडो आवश्यक अनुगमन गरि कारबाहि गरिदिनुहुन अनुरोध छ।,04/10/2023,शिक्षा विभाग,closed
239,Ward 17,4537,क्षेत्रपाटिमा रहेको सरस्वति मा.वि ले प्रत्येक वर्ष फि बढाएको हुन्छ यस्तो गर्न पाइन्छ किनाइ यदि नपाइएको खण्डमा आवश्यक अनुगमन गरि कारबाहि गर्न अनुरोध छ।,04/09/2023,शिक्षा विभाग,closed
240,Ward 27,4279,दरबार हाइस्कुल नजिक ललितकला क्याम्पसको भवन पुर्ण रुपमा बन्न नसकेर लथालिङ्ग भएको  धेरै भयो। भवन राम्रोसगं बनाइदिनुहुन अनुरोध छ।साथै भोटाहिटि गल्लिमा यो कलेजको प्रिन्सिपलले कलेजको टहराहरु  जथाभावि रुपमा भाडामा दिएर भाडा उठाउने गरेको छ। अहिलेसम्म सञ्चालनमा आउन पनि  सकेको छैन।  यस कलेजको आवश्यक अनुगमन गरि व्यवस्थापन गरिदिनुहुन अनुरोध छ।,02/06/2023,"शिक्षा विभाग,Mayorसचिवालय",closed
241,Ward 4,4252,शैक्षीक संस्थाहरुको नयाँ सेसन सुरु भए संगै मनपर्दी शुल्क लिन थालेका छन नियन्त्रण गर्नु पर्‍यो ।,01/26/2023,शिक्षा विभाग,closed
242,Ward 31,4211,भिमसेनगोलामा रहेको निर्मल बालविकास विद्यालयको व्यवस्थापन समितिमा गैरअभिभावकलाइ मनोनित गरिएको छ यसमा वडा नं ३१ का वडा अध्यक्ष र शिक्षा विभागमा कर्मचारिको मिलेमतो रहेको भनि गुनासो आएको छ। साथै त्यस विद्यालयले शनिवार र आइतवार गरि हप्ताको २ दिन छुट्टि दिनेगरेको छ र दिवा खाजा पनि कहिल्यै खुवाउदैन भनि गुनासो आएको हुदा यस सम्बन्धमा आवश्यक अनुगमन गरि कानून बमोजिक कारबाहि गर्न अनुरोध छ।,01/12/2023,शिक्षा विभाग,closed
243,Ward 14,4155,रबिभवन ज्ञानकुञ्ज स्कुलमा अभिभावकसग कुनै सल्लाह नगरि कोचिङ्ग फि लिने गरेको तथा परिक्षा समय र परिक्षा सकिएको एक हप्ता पछि मात्र कोचिङ्ग हुने गरेपनि कोचिङ्ग नहुदाको अवस्थामा पनि कोचिङ्ग फि लिने गरेको छ। यस्तो नगर्नुस भन्दा त्यहाको प्रिन्सिपल मतलब नै गर्दैन। आवश्यक अनुगमन गरि कारबाहि गरिदिनुहुन अनुरोध छ।,01/04/2023,शिक्षा विभाग,closed
244,NoWard,4106,निजि विद्यालयको शुल्क अलि धेरै भयो।यसलाइ नियन्त्रण गर्न आवश्यक काम गरिदिनुहुन अनुरोध छ।साथै निजि विद्यालयको अडीट पनि महानगर भित्रबाट पर्दाआर्थिक दुरुपयोग हुदैनथ्यो भनि सुझाव आएको छ।निजि स्कुलमा ३ G बाट न्युनतम ८०००/-  शुल्क लिने गरेको छन।यस सम्बन्धमा आवश्यक काम गरिदिनुहुन अनुरोध छ।,12/28/2022,"शिक्षा विभाग,Mayorसचिवालय",closed
245,Ward 15,4020,सोयमभू भगवानपाउमा रहेको ईश्र्वर प्रथामिकविद्यालय भवन वाटोमा परेकोछ अन्यत्र किन नसारेकोहो सार्नु पर्‍यो ।,12/16/2022,शिक्षा विभाग,closed
246,Ward 4,3991,एकिता इन्टरनेशनल स्कुलले दिउसो धेरै ठुलो आवाज निकालेर नजिकका बासिन्दाहरुलाइ एकदमै डिस्ट्रब गर्यो।यसको व्यवस्थापन गरिदिनुहुन अनुरोध छ।,12/11/2022,"नगर प्रहरी बल,शिक्षा विभाग",closed
247,Ward 9,3954,गौरिगाउँ मा रहेको ACE school ले दिउसो २देखि ४ बजेसम्म एकदमै ठुलो आवाज निकालेर ध्वनि प्रदुषण भयो ।यसको चाडो व्यवस्थापन गरिदिनुहुन अनुरोध छ।,12/06/2022,"नगर प्रहरी बल,शिक्षा विभाग",closed
248,Ward 4,3747,"धुमबाराहिमा कान्तिपुर स्कुल खोलेर एकदमै हल्ला भयो। माइकिङ गदैन भनेर सहमति पनि भएको थियो। बिहान ६.३० बजेबाट साझ ५, ६ बजे सम्म होहल्ला भैरहन्छ।यसको व्यवस्थापन गरिदिनुहुन अनुरोध छ।",11/06/2022,"शिक्षा विभाग,Mayorसचिवालय",closed
249,Ward 6,2672,बसुन्धरा चौकि छेउमा सार्वजनिक जग्गामा सुकुम्बासिको नाममा बस्ति बसेर पसल तथा सटर चलाइरहेको अवस्था छ। यसको व्यवस्थापन गरिदिनुहुन अनुरोध छ।,10/19/2022,शिक्षा विभाग,closed
250,NoWard,2158,कुनै पनि प्राइभेट कलेजहरुले जम्मा विद्यार्थि सख्याको आधारमा १० %  छात्रवृति दिनुपर्ने प्रावधान अनुसार काठमाडौ मोडल कलेज विज्ञान विषयमा करिव १६०० जना विद्यार्थि संख्या रहेकोमा जम्मा ६० जनालाइ मात्र छात्रबृति दिएको देखिन्छ। त्यसैले वडा कार्यालयको सिफारिसमा बाकि कोटामा छात्रवृति दिनुपर्नेमा वडाको सिफारिस नै बुझ्न नमानेको अवस्था हुदाँ आवश्यक अनुगमन गरि छात्रवृतिको व्यवस्था गरिदिनुहुन अनुरोध छ भनि गुनासो आएको हुदा तत्काल कारबाहि अगाडि बढाउन अनुरोध छ।,08/24/2022,"शिक्षा विभाग,Mayorसचिवालय",closed
251,Ward 25,2144,सरस्वती आवाशिय मा.वि.क्षेत्रपाटी ले ९.३० वजे वच्चा स्कुल पठाउदा पनि स्कुल छिर्न दियन कारवाही गर्नु पर्‍यो ।,08/22/2022,शिक्षा विभाग,closed
252,Ward 29,1923,मैतिदेवि सुर्योदयको साइडमा रहेको ब्रिगुवाटिका मन्टेश्वरी स्कुलमा बच्चाहरुलाइ धेरै कुट्ने गरेको गुनासो हुदाँ अनुगमन गरि आवश्यक निर्देशन गरिदिनुहुन अनुरोध छ। मन्टेश्वरि स्कुलको फोन नं ०१४५२२८०८,07/27/2022,शिक्षा विभाग,closed
253,Ward 10,1569,रत्न राज्य स्कुलले शुल्क बढि लिएको कक्षा ७ को फि ४००० लिएको र  book हरु  पनी private Publication बाट किन्न लगाएको,07/04/2022,शिक्षा विभाग,closed
254,Ward 9,1419,"बोडिङ स्कुलहरुले वढी शुल्क लिएको विद्यार्थिहरु भर्ना गरे पछी त्यही खाना, खाजा, त्यही किताव किन्न् पर्ने र स्कुलले भनेको ठाउमा कपडा सिलाउनु पर्ने आदि समस्याहरु रहेको यसको उचित व्यवस्थापन गरिदिनुहुन अनुरोध छ ।  ",06/29/2022,शिक्षा विभाग,closed
255,Ward 29,1383,दरबार हाइस्कुल भानु मा.वि. ले प्रति विद्यार्थि ५०० शुल्क उठाउने गरेको छ। शुल्क नदिएको भनि पुस्तक वितरण गरिएको छैन तथा एक वर्ष देखि प्रध्यानाध्यापक नरहेको र विद्यालय व्यवस्थापन समितिको अध्यक्ष पनि गैर अभिभावक रहेकोले आवश्यक अनुगमन गरि कारबाहि गरिदिनुहुन अनुरोध छ।,06/28/2022,शिक्षा विभाग,closed
256,NoWard,1382,"बोडिङ स्कुलहरुले बच्चाहरुको भर्ना गर्दा त्यहो खाना, खाजा र कितावहरु यही किन्नु पर्छ भन्ने कुनै जानकारी गराउदैन भर्ना भइसके पछि स्कुलको नियम हो भन्दै शुल्क लिने गरेको छ  यो मेरो गुनासो छिटो सम्बोधन गरिदनुहुन अनुरोध छ ।",06/28/2022,शिक्षा विभाग,closed
257,Ward 5,1345,वडा नं. ०५ पानीपोखरी जापनिज एम्वेसी नजिकैको भानुभक्त मा.वि सरकारी गुठीमा संञ्चालन भएर पनि शैक्षिक शुल्क अत्याधिक लिएको विद्यार्थिहरुको ड्रेस बुकमा पनी बढि बढि  लिने गरेको,06/27/2022,"शिक्षा विभाग,Mayorसचिवालय",closed
258,Ward 13,1301,जन विकास मा.वि.बल्खुका शिक्षकहरुले मासिक रुपमा तलब नपाइरहेको अवस्था छ।यसकोअनुगमन गरि मासिक तलब पाउने व्यवस्था गरिदिनुहुन अनुरोध छ। ,06/27/2022,"शिक्षा विभाग,Mayorसचिवालय",closed
